data,br_obitos,br_obitos_acumulado,br_casos,br_casos_acumulado
2020-02-25,0,0,0,0
2020-02-26,0,0,1,1
2020-02-27,0,0,1,0
2020-02-28,0,0,1,0
2020-02-29,0,0,2,1
2020-03-01,0,0,2,0
2020-03-02,0,0,2,0
2020-03-03,0,0,2,0
2020-03-04,0,0,3,1
2020-03-05,0,0,7,4
2020-03-06,0,0,13,6
2020-03-07,0,0,19,6
2020-03-08,0,0,25,6
2020-03-09,0,0,25,0
2020-03-10,0,0,34,9
2020-03-11,0,0,52,18
2020-03-12,0,0,77,25
2020-03-13,0,0,98,21
2020-03-14,0,0,121,23
2020-03-15,0,0,200,79
2020-03-16,0,0,234,34
2020-03-17,1,1,291,57
2020-03-18,3,4,428,137
2020-03-19,2,6,621,193
2020-03-20,5,11,904,283
2020-03-21,7,18,1128,224
2020-03-22,7,25,1546,418
2020-03-23,9,34,1891,345
2020-03-24,12,46,2201,310
2020-03-25,11,57,2433,232
2020-03-26,20,77,2915,482
2020-03-27,15,92,3417,502
2020-03-28,22,114,3903,486
2020-03-29,22,136,4256,353
2020-03-30,23,159,4579,323
2020-03-31,42,201,5717,1138
2020-04-01,40,241,6834,1117
2020-04-02,58,299,7910,1076
2020-04-03,60,359,9056,1146
2020-04-04,73,432,10278,1222
2020-04-05,54,486,11130,852
2020-04-06,67,553,12056,926
2020-04-07,114,667,13717,1661
2020-04-08,133,800,15927,2210
2020-04-09,141,941,17857,1930
2020-04-10,115,1056,19638,1781
2020-04-11,68,1124,20727,1089
2020-04-12,99,1223,22169,1442
2020-04-13,105,1328,23430,1261
2020-04-14,204,1532,25262,1832
2020-04-15,204,1736,28320,3058
2020-04-16,188,1924,30425,2105
2020-04-17,217,2141,33682,3257
2020-04-18,206,2347,36599,2917
2020-04-19,115,2462,38654,2055
2020-04-20,113,2575,40581,1927
2020-04-21,166,2741,43079,2498
2020-04-22,165,2906,45757,2678
2020-04-23,407,3313,49492,3735
2020-04-24,357,3670,52995,3503
2020-04-25,346,4016,58509,5514
2020-04-26,189,4205,61888,3379
2020-04-27,338,4543,66501,4613
2020-04-28,474,5017,71886,5385
2020-04-29,449,5466,78162,6276
2020-04-30,435,5901,85380,7218
2020-05-01,428,6329,91299,5919
2020-05-02,395,6724,96396,5097
2020-05-03,301,7025,101147,4751
2020-05-04,296,7321,107780,6633
2020-05-05,600,7921,114715,6935
2020-05-06,614,8535,125218,10503
2020-05-07,611,9146,135106,9888
2020-05-08,749,9895,145328,10222
2020-05-09,732,10627,155939,10611
2020-05-10,496,11123,162699,6760
2020-05-11,396,11519,168331,5632
2020-05-12,881,12400,177589,9258
2020-05-13,749,13149,188974,11385
2020-05-14,844,13993,202918,13944
2020-05-15,824,14817,218223,15305
2020-05-16,816,15633,233142,14919
2020-05-17,485,16118,241080,7938
2020-05-18,674,16792,254220,13140
2020-05-19,1179,17971,271628,17408
2020-05-20,888,18859,291579,19951
2020-05-21,1188,20047,310087,18508
2020-05-22,999,21046,330890,20803
2020-05-23,967,22013,347398,16508
2020-05-24,653,22666,363211,15813
2020-05-25,807,23473,374898,11687
2020-05-26,1039,24512,391222,16324
2020-05-27,1086,25598,411821,20599
2020-05-28,1156,26754,438238,26417
2020-05-29,1124,27878,465166,26928
2020-05-30,956,28834,498440,33274
2020-05-31,480,29314,514200,15760
2020-06-01,623,29937,526447,12247
2020-06-02,1262,31199,555383,28936
2020-06-03,1349,32548,584016,28633
2020-06-04,1473,34021,614941,30925
2020-06-05,1005,35026,645771,30830
2020-06-06,904,35930,672846,27075
2020-06-07,525,36455,691758,18912
2020-06-08,679,37134,707412,15654
2020-06-09,1272,38406,739503,32091
2020-06-10,1274,39680,772416,32913
2020-06-11,1239,40919,802828,30412
2020-06-12,909,41828,828810,25982
2020-06-13,892,42720,850514,21704
2020-06-14,612,43332,867624,17110
2020-06-15,627,43959,888271,20647
2020-06-16,1282,45241,923189,34918
2020-06-17,1269,46510,955377,32188
2020-06-18,1238,47748,978142,22765
2020-06-19,1206,48954,1032913,54771
2020-06-20,1022,49976,1067579,34666
2020-06-21,641,50617,1085038,17459
2020-06-22,654,51271,1106470,21432
2020-06-23,1374,52645,1145906,39436
2020-06-24,1185,53830,1188631,42725
2020-06-25,1141,54971,1228114,39483
2020-06-26,990,55961,1274974,46860
2020-06-27,1109,57070,1313667,38693
2020-06-28,552,57622,1344143,30476
2020-06-29,692,58314,1368195,24052
2020-06-30,1280,59594,1402041,33846
2020-07-01,1038,60632,1448753,46712
2020-07-02,1252,61884,1496858,48105
2020-07-03,1290,63174,1539081,42223
2020-07-04,1091,64265,1577004,37923
2020-07-05,602,64867,1603055,26051
2020-07-06,620,65487,1623284,20229
2020-07-07,1254,66741,1668589,45305
2020-07-08,1223,67964,1713160,44571
2020-07-09,1220,69184,1755779,42619
2020-07-10,1214,70398,1800827,45048
2020-07-11,1071,71469,1839850,39023
2020-07-12,631,72100,1864681,24831
2020-07-13,733,72833,1884967,20286
2020-07-14,1300,74133,1926824,41857
2020-07-15,1233,75366,1966748,39924
2020-07-16,1322,76688,2012151,45403
2020-07-17,1163,77851,2046328,34177
2020-07-18,921,78772,2074860,28532
2020-07-19,716,79488,2098389,23529
2020-07-20,632,80120,2118646,20257
2020-07-21,1367,81487,2159654,41008
2020-07-22,1284,82771,2227514,67860
2020-07-23,1311,84082,2287475,59961
2020-07-24,1156,85238,2343366,55891
2020-07-25,1211,86449,2394513,51147
2020-07-26,555,87004,2419091,24578
2020-07-27,614,87618,2442375,23284
2020-07-28,921,88539,2483191,40816
2020-07-29,1595,90134,2552265,69074
2020-07-30,1129,91263,2610102,57837
2020-07-31,1212,92475,2662485,52383
2020-08-01,1088,93563,2707877,45392
2020-08-02,541,94104,2733677,25800
2020-08-03,561,94665,2750318,16641
2020-08-04,1154,95819,2801921,51603
2020-08-05,1421,97240,2857597,55676
2020-08-06,1253,98493,2912212,54615
2020-08-07,1079,99572,2962442,50230
2020-08-08,905,100477,3012412,49970
2020-08-09,572,101049,3035422,23010
2020-08-10,703,101752,3057470,22048
2020-08-11,1274,103026,3109630,52160
2020-08-12,1175,104201,3164785,55155
2020-08-13,1262,105463,3224876,60091
2020-08-14,1060,106523,3275520,50644
2020-08-15,709,107232,3317096,41576
2020-08-16,620,107852,3340197,23101
2020-08-17,684,108536,3359570,19373
2020-08-18,1352,109888,3407354,47784
2020-08-19,1212,111100,3456652,49298
2020-08-20,1204,112304,3501975,45323
2020-08-21,1054,113358,3532330,30355
2020-08-22,892,114250,3582362,50032
2020-08-23,494,114744,3605783,23421
2020-08-24,565,115309,3622861,17078
2020-08-25,1271,116580,3669995,47134
2020-08-26,1085,117665,3717156,47161
2020-08-27,984,118649,3761391,44235
2020-08-28,855,119504,3804803,43412
2020-08-29,958,120462,3846153,41350
2020-08-30,366,120828,3862311,16158
2020-08-31,553,121381,3908272,45961
2020-09-01,1215,122596,3950931,42659
2020-09-02,1184,123780,3997865,46934
2020-09-03,834,124614,4041638,43773
2020-09-04,907,125521,4092832,51194
2020-09-05,682,126203,4123000,30168
2020-09-06,447,126650,4137521,14521
2020-09-07,310,126960,4147794,10273
2020-09-08,504,127464,4162073,14279
2020-09-09,1075,128539,4197889,35816
2020-09-10,983,129522,4238446,40557
2020-09-11,874,130396,4282164,43718
2020-09-12,814,131210,4315687,33523
2020-09-13,415,131625,4330455,14768
2020-09-14,381,132006,4345610,15155
2020-09-15,1113,133119,4382263,36653
2020-09-16,987,134106,4419083,36820
2020-09-17,829,134935,4455386,36303
2020-09-18,858,135793,4495183,39797
2020-09-19,739,136532,4528240,33057
2020-09-20,363,136895,4544629,16389
2020-09-21,377,137272,4558068,13439
2020-09-22,836,138108,4591604,33536
2020-09-23,869,138977,4624885,33281
2020-09-24,831,139808,4657702,32817
2020-09-25,729,140537,4689613,31911
2020-09-26,869,141406,4717991,28378
2020-09-27,335,141741,4732309,14318
2020-09-28,317,142058,4745464,13155
2020-09-29,863,142921,4777522,32058
2020-09-30,1031,143952,4810935,33413
2020-10-01,728,144680,4847092,36157
2020-10-02,708,145388,4880523,33431
2020-10-03,599,145987,4906833,26310
2020-10-04,365,146352,4915289,8456
2020-10-05,323,146675,4927235,11946
2020-10-06,819,147494,4969141,41906
2020-10-07,734,148228,5000694,31553
2020-10-08,729,148957,5028444,27750
2020-10-09,682,149639,5055888,27444
2020-10-10,559,150198,5082637,26749
2020-10-11,290,150488,5094979,12342
2020-10-12,201,150689,5103408,8429
2020-10-13,309,150998,5113628,10220
2020-10-14,749,151747,5140863,27235
2020-10-15,713,152460,5169386,28523
2020-10-16,754,153214,5200300,30914
2020-10-17,461,153675,5224362,24062
2020-10-18,230,153905,5235344,10982
2020-10-19,271,154176,5250727,15383
2020-10-20,661,154837,5273954,23227
2020-10-21,566,155403,5298772,24818
2020-10-22,497,155900,5323630,24858
2020-10-23,571,156471,5353656,30026
2020-10-24,432,156903,5380635,26979
2020-10-25,231,157134,5394128,13493
2020-10-26,263,157397,5409854,15726
2020-10-27,549,157946,5439641,29787
2020-10-28,510,158456,5468270,28629
2020-10-29,513,158969,5494376,26106
2020-10-30,508,159477,5516658,22282
2020-10-31,407,159884,5535605,18947
2020-11-01,190,160074,5545705,10100
2020-11-02,179,160253,5554206,8501
2020-11-03,243,160496,5566049,11843
2020-11-04,610,161106,5590025,23976
2020-11-05,630,161736,5612319,22294
2020-11-06,302,162038,5633747,21428
2020-11-07,231,162269,5653561,19814
2020-11-08,128,162397,5664115,10554
2020-11-09,231,162628,5675032,10917
2020-11-10,201,162829,5700044,25012
2020-11-11,544,163373,5748375,48331
2020-11-12,908,164281,5781582,33207
2020-11-13,456,164737,5810652,29070
2020-11-14,921,165658,5848959,38307
2020-11-15,140,165798,5863093,14134
2020-11-16,216,166014,5876464,13371
2020-11-17,685,166699,5911758,35294
2020-11-18,756,167455,5945849,34091
2020-11-19,606,168061,5981767,35918
2020-11-20,552,168613,6020164,38397
2020-11-21,376,168989,6052786,32622
2020-11-22,194,169183,6071401,18615
2020-11-23,302,169485,6087608,16207
2020-11-24,630,170115,6118708,31100
2020-11-25,654,170769,6166606,47898
2020-11-26,691,171460,6204220,37614
2020-11-27,514,171974,6238350,34130
2020-11-28,587,172561,6290272,51922
2020-11-29,272,172833,6314740,24468
2020-11-30,287,173120,6335878,21138
2020-12-01,697,173817,6386787,50909
2020-12-02,698,174515,6436650,49863
2020-12-03,755,175270,6487084,50434
2020-12-04,694,175964,6533968,46884
2020-12-05,664,176628,6577177,43209
2020-12-06,313,176941,6603540,26363
2020-12-07,376,177317,6623911,20371
2020-12-08,842,178159,6674999,51088
2020-12-09,836,178995,6728452,53453
2020-12-10,770,179765,6781799,53347
2020-12-11,672,180437,6836227,54428
2020-12-12,686,181123,6880127,43900
2020-12-13,279,181402,6901952,21825
2020-12-14,433,181835,6927145,25193
2020-12-15,964,182799,6970034,42889
2020-12-16,936,183735,7040608,70574
2020-12-17,1092,184827,7110434,69826
2020-12-18,823,185650,7162978,52544
2020-12-19,706,186356,7213155,50177
2020-12-20,408,186764,7238600,25445
2020-12-21,527,187291,7263619,25019
2020-12-22,968,188259,7318821,55202
2020-12-23,961,189220,7365517,46696
2020-12-24,786,190006,7425593,60076
2020-12-25,482,190488,7448560,22967
2020-12-26,307,190795,7465806,17246
2020-12-27,344,191139,7484285,18479
2020-12-28,431,191570,7504833,20548
2020-12-29,1111,192681,7563551,58718
2020-12-30,1194,193875,7619200,55649
2020-12-31,1074,194949,7675973,56773
2021-01-01,462,195411,7700578,24605
2021-01-02,314,195725,7716405,15827
2021-01-03,293,196018,7733746,17341
2021-01-04,543,196561,7753752,20006
2021-01-05,1171,197732,7810400,56648
2021-01-06,1242,198974,7873830,63430
2021-01-07,1524,200498,7961673,87843
2021-01-08,962,201460,8013708,52035
2021-01-09,1171,202631,8075998,62290
2021-01-10,469,203100,8105790,29792
2021-01-11,480,203580,8131612,25822
2021-01-12,1110,204690,8195637,64025
2021-01-13,1274,205964,8256536,60899
2021-01-14,1131,207095,8324294,67758
2021-01-15,1151,208246,8393492,69198
2021-01-16,1050,209296,8455059,61567
2021-01-17,551,209847,8488099,33040
2021-01-18,452,210299,8511770,23671
2021-01-19,1192,211491,8573864,62094
2021-01-20,1340,212831,8638249,64385
2021-01-21,1316,214147,8697368,59119
2021-01-22,1096,215243,8753920,56552
2021-01-23,1202,216445,8816254,62334
2021-01-24,592,217037,8844577,28323
2021-01-25,627,217664,8871393,26816
2021-01-26,1214,218878,8933356,61963
2021-01-27,1283,220161,8996876,63520
2021-01-28,1386,221547,9058687,61811
2021-01-29,1119,222666,9118513,59826
2021-01-30,1279,223945,9176975,58462
2021-01-31,559,224504,9204731,27756
2021-02-01,595,225099,9229322,24591
2021-02-02,1210,226309,9283418,54096
2021-02-03,1254,227563,9339420,56002
2021-02-04,1232,228795,9396293,56873
2021-02-05,1239,230034,9447165,50872
2021-02-06,978,231012,9497795,50630
2021-02-07,522,231534,9524640,26845
2021-02-08,636,232170,9548079,23439
2021-02-09,1350,233520,9599565,51486
2021-02-10,1330,234850,9659167,59602
2021-02-11,1351,236201,9713909,54742
2021-02-12,1288,237489,9765455,51546
2021-02-13,1043,238532,9809754,44299
2021-02-14,713,239245,9834513,24759
2021-02-15,528,239773,9866710,32197
2021-02-16,1167,240940,9921981,55271
2021-02-17,1150,242090,9978747,56766
2021-02-18,1367,243457,10030626,51879
2021-02-19,1308,244765,10081676,51050
2021-02-20,1212,245977,10139148,57472
2021-02-21,527,246504,10168174,29026
2021-02-22,639,247143,10195160,26986
2021-02-23,1386,248529,10257875,62715
2021-02-24,1428,249957,10324463,66588
2021-02-25,1541,251498,10390461,65998
2021-02-26,1337,252835,10455630,65169
2021-02-27,1386,254221,10517232,61602
2021-02-28,721,254942,10551259,34027
2021-03-01,778,255720,10587001,35742
2021-03-02,1641,257361,10646926,59925
2021-03-03,1910,259271,10718630,71704
2021-03-04,1699,260970,10793732,75102
2021-03-05,1800,262770,10869227,75495
2021-03-06,1555,264325,10938836,69609
2021-03-07,1086,265411,11019344,80508
2021-03-08,987,266398,11051665,32321
2021-03-09,1972,268370,11122429,70764
2021-03-10,2286,270656,11202305,79876
2021-03-11,2233,272889,11277717,75412
2021-03-12,2216,275105,11363380,85663
2021-03-13,1997,277102,11439558,76178
2021-03-14,1127,278229,11483370,43812
2021-03-15,1057,279286,11519609,36239
2021-03-16,2841,282127,11603535,83926
2021-03-17,2648,284775,11693838,90303
2021-03-18,2724,287499,11780820,86982
2021-03-19,2815,290314,11871390,90570
2021-03-20,2438,292752,11950459,79069
2021-03-21,1290,294042,11998233,47774
2021-03-22,1383,295425,12047526,49293
2021-03-23,3251,298676,12130019,82493
2021-03-24,2009,300685,12220011,89992
2021-03-25,2777,303462,12320169,100158
2021-03-26,3650,307112,12404414,84245
2021-03-27,3438,310550,12490362,85948
2021-03-28,1656,312206,12534688,44326
2021-03-29,1660,313866,12573615,38927
2021-03-30,3780,317646,12658109,84494
2021-03-31,3869,321515,12748747,90638
2021-04-01,3769,325284,12839844,91097
2021-04-02,2922,328206,12910082,70238
2021-04-03,1987,330193,12953597,43515
2021-04-04,1240,331433,12984956,31359
2021-04-05,1319,332752,13013601,28645
2021-04-06,4195,336947,13100580,86979
2021-04-07,3829,340776,13193205,92625
2021-04-08,4249,345025,13279857,86652
2021-04-09,3693,348718,13373174,93317
2021-04-10,2616,351334,13445006,71832
2021-04-11,1803,353137,13482023,37017
2021-04-12,1480,354617,13517808,35785
2021-04-13,3808,358425,13599994,82186
2021-04-14,3459,361884,13673507,73513
2021-04-15,3560,365444,13746681,73174
2021-04-16,3305,368749,13832455,85774
2021-04-17,2929,371678,13900091,67636
2021-04-18,1657,373335,13943071,42980
2021-04-19,1347,374682,13973695,30624
2021-04-20,3321,378003,14043076,69381
2021-04-21,3472,381475,14122795,79719
2021-04-22,2027,383502,14167973,45178
2021-04-23,2914,386416,14237078,69105
2021-04-24,3076,389492,14308215,71137
2021-04-25,1305,390797,14340787,32572
2021-04-26,1139,391936,14369423,28636
2021-04-27,3086,395022,14441563,72140
2021-04-28,3163,398185,14521289,79726
2021-04-29,3001,401186,14590678,69389
2021-04-30,2595,403781,14659011,68333
2021-05-01,2656,406437,14725975,66964
2021-05-02,1202,407639,14754910,28935
2021-05-03,983,408622,14779529,24619
2021-05-04,2966,411588,14856888,77359
2021-05-05,2811,414399,14930183,73295
2021-05-06,2550,416949,15003563,73380
2021-05-07,2165,419114,15082449,78886
2021-05-08,2202,421316,15145879,63430
2021-05-09,1024,422340,15184790,38911
2021-05-10,889,423229,15209990,25200
2021-05-11,2311,425540,15282705,72715
2021-05-12,2494,428034,15359397,76692
2021-05-13,2383,430417,15433989,74592
2021-05-14,2211,432628,15519525,85536
2021-05-15,2087,434715,15586534,67009
2021-05-16,1036,435751,15627475,40941
2021-05-17,786,436537,15657391,29916
2021-05-18,2513,439050,15732836,75445
2021-05-19,2641,441691,15812055,79219
2021-05-20,2403,444094,15894094,82039
2021-05-21,2215,446309,15970949,76855
2021-05-22,1899,448208,16047439,76490
2021-05-23,860,449068,16083258,35819
2021-05-24,790,449858,16120756,37498
2021-05-25,2173,452031,16194209,73453
2021-05-26,2398,454429,16274695,80486
2021-05-27,2245,456674,16342162,67467
2021-05-28,2371,459045,16391930,49768
2021-05-29,2012,461057,16471600,79670
2021-05-30,874,461931,16515120,43520
2021-05-31,860,462791,16545554,30434
2021-06-01,2408,465199,16624480,78926
2021-06-02,2507,467706,16720081,95601
2021-06-03,1682,469388,16803472,83391
2021-06-04,1454,470842,16841408,37936
2021-06-05,1689,472531,16907425,66017
2021-06-06,873,473404,16947062,39637
2021-06-07,1010,474414,16984218,37156
2021-06-08,2378,476792,17037129,52911
2021-06-09,2723,479515,17122877,85748
2021-06-10,2504,482019,17210969,88092
2021-06-11,2216,484235,17296118,85149
2021-06-12,2037,486272,17374818,78700
2021-06-13,1129,487401,17412766,37948
2021-06-14,827,488228,17452612,39846
2021-06-15,2468,490696,17533221,80609
2021-06-16,2997,493693,17628588,95367
2021-06-17,2311,496004,17702630,74042
2021-06-18,2495,498499,17801462,98832
2021-06-19,2301,500800,17883750,82288
2021-06-20,1025,501825,17927928,44178
2021-06-21,761,502586,17966831,38903
2021-06-22,2131,504717,18054653,87822
2021-06-23,2392,507109,18169881,115228
2021-06-24,2032,509141,18243483,73602
2021-06-25,2001,511142,18322760,79277
2021-06-26,1593,512735,18386894,64134
2021-06-27,739,513474,18420598,33704
2021-06-28,618,514092,18448402,27804
2021-06-29,1893,515985,18513305,64903
2021-06-30,2081,518066,18557141,43836
2021-07-01,2029,520095,18622304,65163
2021-07-02,1857,521952,18687469,65165
2021-07-03,1635,523587,18742025,54556
2021-07-04,830,524417,18769808,27783
2021-07-05,695,525112,18792511,22703
2021-07-06,1780,526892,18855015,62504
2021-07-07,1648,528540,18909037,54022
2021-07-08,1639,530179,18962762,53725
2021-07-09,1509,531688,19020499,57737
2021-07-10,1205,532893,19069003,48504
2021-07-11,595,533488,19089940,20937
2021-07-12,745,534233,19106971,17031
2021-07-13,1605,535838,19151993,45022
2021-07-14,1556,537394,19209729,57736
2021-07-15,1548,538942,19262518,52789
2021-07-16,1456,540398,19308109,45591
2021-07-17,868,541266,19342448,34339
2021-07-18,948,542214,19376574,34126
2021-07-19,542,542756,19391845,15271
2021-07-20,1424,544180,19419437,27592
2021-07-21,1424,545604,19473954,54517
2021-07-22,1412,547016,19523711,49757
2021-07-23,1324,548340,19632443,108732
2021-07-24,1108,549448,19670534,38091
2021-07-25,476,549924,19688663,18129
2021-07-26,578,550502,19707662,18999
2021-07-27,1333,551835,19749073,41411
2021-07-28,1344,553179,19797086,48013
2021-07-29,1318,554497,19839369,42283
2021-07-30,963,555460,19880273,40904
2021-07-31,910,556370,19917855,37582
2021-08-01,464,556834,19938358,20503
2021-08-02,389,557223,19953501,15143
2021-08-03,1209,558432,19985817,32316
2021-08-04,1175,559607,20026533,40716
2021-08-05,1099,560706,20066587,40054
2021-08-06,1056,561762,20108746,42159
2021-08-07,990,562752,20151779,43033
2021-08-08,399,563151,20165672,13893
2021-08-09,411,563562,20177757,12085
2021-08-10,1211,564773,20212642,34885
2021-08-11,975,565748,20245085,32443
2021-08-12,1148,566896,20285067,39982
2021-08-13,966,567862,20319000,33933
2021-08-14,926,568788,20350142,31142
2021-08-15,270,569058,20364099,13957
2021-08-16,434,569492,20378570,14471
2021-08-17,1106,570598,20416183,37613
2021-08-18,1064,571662,20457897,41714
2021-08-19,979,572641,20494212,36315
2021-08-20,870,573511,20528099,33887
2021-08-21,698,574209,20556487,28388
2021-08-22,318,574527,20570891,14404
2021-08-23,321,574848,20583994,13103
2021-08-24,894,575742,20614866,30872
2021-08-25,903,576645,20645537,30671
2021-08-26,920,577565,20676561,31024
2021-08-27,761,578326,20703906,27345
2021-08-28,684,579010,20728605,24699
2021-08-29,298,579308,20741815,13210
2021-08-30,266,579574,20752281,10466
2021-08-31,839,580413,20776870,24589
2021-09-01,737,581150,20804215,27345
2021-09-02,764,581914,20830495,26280
2021-09-03,756,582670,20856060,25565
2021-09-04,692,583362,20877864,21804
2021-09-05,266,583628,20890779,12915
2021-09-06,182,583810,20899933,9154
2021-09-07,361,584171,20913578,13645
2021-09-08,250,584421,20928008,14430
2021-09-09,753,585174,20958899,30891
2021-09-10,672,585846,20974850,15951
2021-09-11,712,586558,20989164,14314
2021-09-12,293,586851,20999779,10615
2021-09-13,215,587066,21006424,6645
2021-09-14,731,587797,21019830,13406
2021-09-15,800,588597,21034610,14780
2021-09-16,643,589240,21069017,34407
2021-09-17,333,589573,21080219,11202
2021-09-18,935,590508,21230325,150106
2021-09-19,244,590752,21239783,9458
2021-09-20,203,590955,21247667,7884
2021-09-21,485,591440,21247094,-573
2021-09-22,876,592316,21283567,36473
2021-09-23,648,592964,21308178,24611
2021-09-24,699,593663,21327616,19438
2021-09-25,537,594200,21343304,15688
2021-09-26,243,594443,21351972,8668
2021-09-27,210,594653,21366395,14423
2021-09-28,793,595446,21381790,15395
2021-09-29,676,596122,21399546,17756
2021-09-30,627,596749,21427073,27527
2021-10-01,506,597255,21445651,18578
2021-10-02,468,597723,21459117,13466
2021-10-03,225,597948,21468121,9004
2021-10-04,204,598152,21478546,10425
2021-10-05,677,598829,21499074,20528
2021-10-06,530,599359,21516967,17893
2021-10-07,451,599810,21532558,15591
2021-10-08,615,600425,21550730,18172
2021-10-09,404,600829,21567181,16451
2021-10-10,182,601011,21575820,8639
2021-10-11,202,601213,21582738,6918
2021-10-12,185,601398,21590097,7359
2021-10-13,176,601574,21597949,7852
2021-10-14,525,602099,21612237,14288
2021-10-15,570,602669,21627476,15239
2021-10-16,483,603152,21638726,11250
2021-10-17,130,603282,21644464,5738
2021-10-18,183,603465,21651910,7446
2021-10-19,390,603855,21664879,12969
2021-10-20,373,604228,21680488,15609
2021-10-21,451,604679,21697341,16853
2021-10-22,460,605139,21711843,14502
2021-10-23,318,605457,21723559,11716
2021-10-24,187,605644,21729763,6204
2021-10-25,160,605804,21735560,5797
2021-10-26,442,606246,21748984,13424
2021-10-27,433,606679,21766168,17184
2021-10-28,389,607068,21781436,15268
2021-10-29,394,607462,21793401,11965
2021-10-30,232,607694,21804094,10693
2021-10-31,130,607824,21810855,6761
2021-11-01,98,607922,21814693,3838
2021-11-02,149,608071,21821124,6431
2021-11-03,164,608235,21835785,14661
2021-11-04,436,608671,21849137,13352
2021-11-05,389,609060,21862458,13321
2021-11-06,328,609388,21874324,11866
2021-11-07,59,609447,21880439,6115
2021-11-08,126,609573,21886077,5638
2021-11-09,183,609756,21897025,10948
2021-11-10,280,610036,21909298,12273
2021-11-11,188,610224,21924598,15300
2021-11-12,267,610491,21939196,14598
2021-11-13,731,611222,21953838,14642
2021-11-14,61,611283,21957967,4129
2021-11-15,63,611346,21960766,2799
2021-11-16,132,611478,21965684,4918
2021-11-17,373,611851,21977661,11977
2021-11-18,293,612144,21989962,12301
2021-11-19,226,612370,22003317,13355
2021-11-20,217,612587,22012150,8833
2021-11-21,72,612659,22017276,5126
2021-11-22,123,612782,22019870,2594
2021-11-23,284,613066,22030182,10312
2021-11-24,273,613339,22043112,12930
2021-11-25,303,613642,22055238,12126
2021-11-26,315,613957,22067630,12392
2021-11-27,229,614186,22076863,9233
2021-11-28,92,614278,22080906,4043
2021-11-29,98,614376,22084749,3843
2021-11-30,305,614681,22094459,9710
2021-12-01,283,614964,22105872,11413
2021-12-02,215,615179,22118782,12910
2021-12-03,221,615400,22129409,10627
2021-12-04,170,615570,22138247,8838
2021-12-05,66,615636,22143091,4844
2021-12-06,108,615744,22147476,4385
2021-12-07,274,616018,22157726,10250
2021-12-08,233,616251,22167781,10055
2021-12-09,206,616457,22177059,9278
2021-12-10,234,616691,22184824,7765
2021-12-11,53,616744,22188179,3355
2021-12-12,86,616830,22189867,1688
2021-12-13,48,616878,22191949,2082
2021-12-14,92,616970,22195775,3826
2021-12-15,301,617271,22201221,5446
2021-12-16,124,617395,22204941,3720
2021-12-17,206,617601,22209020,4079
2021-12-18,153,617754,22212343,3323
2021-12-19,49,617803,22213762,1419
2021-12-20,70,617873,22215856,2094
2021-12-21,75,617948,22219477,3621
2021-12-22,143,618091,22222928,3451
2021-12-23,137,618228,22226573,3645
2021-12-24,164,618392,22230737,4164
2021-12-25,32,618424,22234626,3889
2021-12-26,24,618448,22239436,4810
2021-12-27,86,618534,22246276,6840
2021-12-28,171,618705,22254706,8430
2021-12-29,112,618817,22263834,9128
2021-12-30,167,618984,22277239,13405
2021-12-31,72,619056,22287521,10282
2022-01-01,49,619105,22291507,3986
2022-01-02,28,619133,22293228,1721
2022-01-03,76,619209,22305078,11850
2022-01-04,175,619384,22323837,18759
2022-01-05,129,619513,22351104,27267
2022-01-06,128,619641,22386930,35826
2022-01-07,181,619822,22450222,63292
2022-01-08,115,619937,22499525,49303
2022-01-09,44,619981,22523907,24382
2022-01-10,110,620091,22558695,34788
2022-01-11,147,620238,22629460,70765
2022-01-12,133,620371,22716931,87471
2022-01-13,174,620545,22814917,97986
2022-01-14,251,620796,22927203,112286
2022-01-15,175,620971,22975723,48520
2022-01-16,74,621045,23000657,24934
2022-01-17,121,621166,23074791,74134
2022-01-18,351,621517,23211894,137103
2022-01-19,338,621855,23416748,204854
2022-01-20,350,622205,23585243,168495
2022-01-21,358,622563,23751782,166539
2022-01-22,238,622801,23909175,157393
2022-01-23,296,623097,24044255,135080
2022-01-24,259,623356,24127595,83340
2022-01-25,487,623843,24311317,183722
2022-01-26,570,624413,24535884,224567
2022-01-27,672,625085,24764838,228954
2022-01-28,799,625884,25034806,269968
2022-01-29,640,626524,25214622,179816
2022-01-30,330,626854,25348797,134175
2022-01-31,284,627138,25426744,77947
2022-02-01,929,628067,25620209,193465
2022-02-02,893,628960,25793112,172903
2022-02-03,1041,630001,26091520,298408
2022-02-04,493,630494,26275831,184311
2022-02-05,1308,631802,26473273,197442
2022-02-06,391,632193,26533010,59737
2022-02-07,428,632621,26599593,66583
2022-02-08,1189,633810,26776620,177027
2022-02-09,1264,635074,26955434,178814
2022-02-10,943,636017,27119500,164066
2022-02-11,1135,637152,27285509,166009
2022-02-12,896,638048,27425743,140234
2022-02-13,314,638362,27479963,54220
2022-02-14,473,638835,27538503,58540
2022-02-15,854,639689,27659052,120549
2022-02-16,1085,640774,27806786,147734
2022-02-17,1128,641902,27937835,131049
2022-02-18,1127,643029,28058862,121027
2022-02-19,851,643880,28167587,108725
2022-02-20,406,644286,28208212,40625
2022-02-21,318,644604,28245551,37339
2022-02-22,816,645420,28351327,105776
2022-02-23,999,646419,28484890,133563
2022-02-24,971,647390,28578647,93757
2022-02-25,770,648160,28670242,91595
2022-02-26,753,648913,28744050,73808
2022-02-27,221,649134,28768104,24054
2022-02-28,199,649333,28787620,19516
2022-03-01,297,649630,28811165,23545
2022-03-02,370,650000,28842160,30995
2022-03-03,578,650578,28904030,61870
2022-03-04,677,651255,28973799,69769
2022-03-05,672,651927,29033052,59253
2022-03-06,216,652143,29049013,15961
2022-03-07,198,652341,29069469,20456
2022-03-08,488,652829,29138362,68893
2022-03-09,669,653498,29193268,54906
2022-03-10,588,654086,29249903,56635
2022-03-11,470,654556,29305114,55211
2022-03-12,389,654945,29350134,45020
2022-03-13,133,655078,29368776,18642
2022-03-14,171,655249,29380063,11287
2022-03-15,336,655585,29432157,52094
2022-03-16,355,655940,29478039,45882
2022-03-17,485,656425,29527640,49601
2022-03-18,373,656798,29573112,45472
2022-03-19,304,657102,29617266,44154
2022-03-20,103,657205,29630484,13218
2022-03-21,97,657302,29641594,11110
2022-03-22,394,657696,29682615,41021
2022-03-23,302,657998,29729991,47376
2022-03-24,312,658310,29767681,37690
2022-03-25,256,658566,29802257,34576
2022-03-26,196,658762,29832179,29922
2022-03-27,117,658879,29842418,10239
2022-03-28,77,658956,29852341,9923
2022-03-29,285,659241,29882397,30056
2022-03-30,263,659504,29916334,33937
2022-03-31,253,659757,29947895,31561
2022-04-01,245,660002,29975165,27270
2022-04-02,106,660108,29992227,17062
2022-04-03,39,660147,29999437,7210
2022-04-04,165,660312,30012798,13361
2022-04-05,216,660528,30040129,27331
2022-04-06,195,660723,30067249,27120
2022-04-07,250,660973,30093751,26502
2022-04-08,149,661122,30123963,30212
2022-04-09,98,661220,30145192,21229
2022-04-10,38,661258,30152402,7210
2022-04-11,69,661327,30161205,8803
2022-04-12,166,661493,30183929,22724
2022-04-13,163,661656,30210853,26924
2022-04-14,140,661796,30234024,23171
2022-04-15,111,661907,30247302,13278
2022-04-16,31,661938,30250077,2775
2022-04-17,22,661960,30252618,2541
2022-04-18,66,662026,30261088,8470
2022-04-19,125,662151,30275219,14131
2022-04-20,263,662414,30311969,36750
2022-04-21,92,662506,30330629,18660
2022-04-22,51,662557,30338697,8068
2022-04-23,53,662610,30345654,6957
2022-04-24,36,662646,30349463,3809
2022-04-25,76,662722,30355919,6456
2022-04-26,144,662866,30378061,22142
2022-04-27,245,663111,30399004,20943
2022-04-28,114,663225,30418920,19916
2022-04-29,185,663410,30433042,14122
2022-04-30,87,663497,30448236,15194
2022-05-01,16,663513,30454499,6263
2022-05-02,89,663602,30460997,6498
2022-05-03,92,663694,30482429,21432
2022-05-04,65,663759,30502501,20072
2022-05-05,137,663896,30524183,21682
2022-05-06,195,664091,30543908,19725
2022-05-07,35,664126,30558530,14622
2022-05-08,13,664139,30564536,6006
2022-05-09,53,664192,30574245,9709
2022-05-10,198,664390,30594388,20143
2022-05-11,126,664516,30617786,23398
2022-05-12,125,664641,30639130,21344
2022-05-13,139,664780,30664739,25609
2022-05-14,92,664872,30682094,17355
2022-05-15,46,664918,30688390,6296
2022-05-16,69,664987,30701900,13510
2022-05-17,229,665216,30728286,26386
2022-05-18,103,665319,30741811,13525
2022-05-19,114,665433,30752226,10415
2022-05-20,60,665493,30762413,10187
2022-05-21,35,665528,30778607,16194
2022-05-22,99,665627,30791220,12613
2022-05-23,39,665666,30803995,12775
2022-05-24,239,665905,30836815,32820
2022-05-25,132,666037,30846602,9787
2022-05-26,143,666180,30880512,33910
2022-05-27,139,666319,30921145,40633
2022-05-28,72,666391,30945384,24239
2022-05-29,62,666453,30953579,8195
2022-05-30,63,666516,30977661,24082
2022-05-31,160,666676,31019038,41377
2022-06-01,125,666801,31060017,40979
2022-06-02,127,666928,31101290,41273
2022-06-03,43,666971,31137479,36189
2022-06-04,26,666997,31153069,15590
2022-06-05,8,667005,31159335,6266
2022-06-06,36,667041,31195118,35783
2022-06-07,307,667348,31266163,71045
2022-06-08,299,667647,31315777,49614
2022-06-09,143,667790,31360850,45073
2022-06-10,170,667960,31417341,56491
2022-06-11,114,668074,31445137,27796
2022-06-12,36,668110,31456865,11728
2022-06-13,70,668180,31497038,40173
2022-06-14,174,668354,31541479,44441
2022-06-15,339,668693,31611769,70290
2022-06-16,151,668844,31644703,32934
2022-06-17,72,668916,31673375,28672
2022-06-18,94,669010,31693502,20127
2022-06-19,55,669065,31704193,10691
2022-06-20,96,669161,31754465,50272
2022-06-21,229,669390,31818827,64362
2022-06-22,140,669530,31890733,71906
2022-06-23,365,669895,31962782,72049
2022-06-24,334,670229,32023166,60384
2022-06-25,140,670369,32061959,38793
2022-06-26,36,670405,32078638,16679
2022-06-27,127,670532,32130316,51678
2022-06-28,316,670848,32206954,76638
2022-06-29,277,671125,32282879,75925
2022-06-30,291,671416,32358018,75139
2022-07-01,284,671700,32434063,76045
2022-07-02,158,671858,32471847,37784
2022-07-03,53,671911,32490422,18575
2022-07-04,122,672033,32535923,45501
2022-07-05,396,672429,32610514,74591
2022-07-06,361,672790,32687680,77166
2022-07-07,283,673073,32759730,72050
2022-07-08,266,673339,32830844,71114
2022-07-09,215,673554,32874501,43657
2022-07-10,56,673610,32896464,21963
2022-07-11,148,673758,32940507,44043
2022-07-12,344,674102,33004555,64048
2022-07-13,380,674482,33076779,72224
2022-07-14,297,674779,33142158,65379
2022-07-15,311,675090,33250117,107959
2022-07-16,205,675295,33290266,40149
2022-07-17,55,675350,33301118,10852
2022-07-18,168,675518,33339815,38697
2022-07-19,353,675871,33397814,57999
2022-07-20,346,676217,33454294,56480
2022-07-21,269,676486,33505727,51433
2022-07-22,280,676766,33555526,49799
2022-07-23,161,676927,33581533,26007
2022-07-24,37,676964,33591356,9823
2022-07-25,179,677143,33621965,30609
2022-07-26,351,677494,33659879,37914
2022-07-27,310,677804,33704393,44514
2022-07-28,265,678069,33748985,44592
2022-07-29,244,678313,33790698,41713
2022-07-30,173,678486,33813587,22889
2022-07-31,28,678514,33833900,20313
2022-08-01,201,678715,33855964,22064
2022-08-02,295,679010,33890428,34464
2022-08-03,265,679275,33924061,33633
2022-08-04,261,679536,33964494,40433
2022-08-05,222,679758,33994470,29976
2022-08-06,181,679939,34011173,16703
2022-08-07,57,679996,34018371,7198
2022-08-08,170,680166,34035780,17409
2022-08-09,365,680531,34066000,30220
2022-08-10,255,680786,34096935,30935
2022-08-11,220,681006,34124579,27644
2022-08-12,247,681253,34148131,23552
2022-08-13,147,681400,34165857,17726
2022-08-14,37,681437,34170286,4429
2022-08-15,120,681557,34178240,7954
2022-08-16,206,681763,34201280,23040
2022-08-17,247,682010,34223207,21927
2022-08-18,206,682216,34245374,22167
2022-08-19,142,682358,34264237,18863
2022-08-20,144,682502,34279785,15548
2022-08-21,47,682549,34284864,5079
2022-08-22,122,682671,34291082,6218
2022-08-23,203,682874,34311323,20241
2022-08-24,202,683076,34329600,18277
2022-08-25,157,683233,34350639,21039
2022-08-26,164,683397,34368909,18270
2022-08-27,75,683472,34381295,12386
2022-08-28,22,683494,34384747,3452
2022-08-29,128,683622,34397205,12458
2022-08-30,229,683851,34414011,16806
2022-08-31,114,683965,34429853,15842
2022-09-01,182,684147,34444674,14821
2022-09-02,115,684262,34456145,11471
2022-09-03,92,684354,34467867,11722
2022-09-04,15,684369,34470776,2909
2022-09-05,56,684425,34477539,6763
2022-09-06,155,684580,34490931,13392
2022-09-07,57,684637,34499823,8892
2022-09-09,91,684813,34516739,12710
2022-09-10,40,684853,34526148,9409
2022-09-11,7,684860,34528625,2477
2022-09-12,38,684898,34533957,5332
2022-09-13,104,685002,34544377,10420
2022-09-14,119,685121,34558902,14525
2022-09-15,82,685203,34568833,9931
2022-09-16,97,685300,34579085,10252
2022-09-17,34,685334,34582063,2978
2022-09-18,42,685376,34587047,4984
2022-09-19,52,685428,34592027,4980
2022-09-20,90,685518,34600768,8741
2022-09-21,86,685604,34607947,7179
2022-09-22,73,685677,34616655,8708
2022-09-23,73,685750,34624427,7772
2022-09-24,32,685782,34630994,6567
2022-09-25,23,685805,34632220,1226
2022-09-26,30,685835,34638288,6068
2022-09-27,46,685881,34646577,8289
2022-09-28,46,685927,34654190,7613
2022-09-29,51,685978,34663731,9541
2022-09-30,58,686036,34672524,8793
2022-10-01,218,686254,34678510,5986
2022-10-02,66,686320,34679533,1023
2022-10-03,51,686371,34684529,4996
2022-10-04,93,686464,34691896,7367
2022-10-05,109,686573,34699017,7121
2022-10-06,133,686706,34707233,8216
2022-10-07,97,686803,34715137,7904
2022-10-08,39,686842,34719025,3888
2022-10-09,9,686851,34719507,482
2022-10-10,26,686877,34724189,4682
2022-10-11,86,686963,34731539,7350
2022-10-12,63,687026,34736653,5114
2022-10-13,43,687069,34739865,3212
2022-10-14,75,687144,34746462,6597
2022-10-15,9,687153,34748678,2216
2022-10-16,2,687155,34749058,380
2022-10-17,88,687243,34754590,5532
2022-10-18,83,687326,34762873,8283
2022-10-19,97,687423,34771320,8447
2022-10-20,60,687483,34776259,4939
2022-10-21,44,687527,34780462,4203
2022-10-22,39,687566,34782150,1688
2022-10-23,8,687574,34783786,1636
2022-10-24,92,687666,34793309,9523
2022-10-25,44,687710,34799324,6015
2022-10-26,197,687907,34807075,7751
2022-10-27,55,687962,34815258,8183
2022-10-28,118,688080,34822227,6969
2022-10-29,11,688091,34824069,1842
2022-10-30,1,688092,34824866,797
2022-10-31,65,688157,34828749,3883
2022-11-01,62,688219,34837035,8286
2022-11-02,9,688228,34839337,2302
2022-11-03,39,688267,34846308,6971
2022-11-04,65,688332,34849063,2755
2022-11-05,10,688342,34850373,1310
2022-11-06,6,688348,34851450,1077
2022-11-07,47,688395,34855492,4042
2022-11-08,92,688487,34868153,12661
2022-11-09,80,688567,34877559,9406
2022-11-10,40,688607,34889576,12017
2022-11-11,49,688656,34908198,18622
2022-11-12,-2,688654,34911937,3739
2022-11-13,4,688658,34912931,994
2022-11-14,36,688694,34921054,8123
2022-11-15,8,688702,34923127,2073
2022-11-16,62,688764,34938073,14946
2022-11-17,71,688835,34971043,32970
2022-11-18,72,688907,34999495,28452
2022-11-19,13,688920,35007209,7714
2022-11-20,8,688928,35011534,4325
2022-11-21,111,689039,35035294,23760
2022-11-22,116,689155,35052152,16858
2022-11-23,117,689272,35082036,29884
2022-11-24,69,689341,35104673,22637
2022-11-25,101,689442,35149503,44830
2022-11-26,26,689468,35163004,13501
2022-11-27,11,689479,35168201,5197
2022-11-28,57,689536,35188586,20385
2022-11-29,129,689665,35232625,44039
2022-11-30,136,689801,35266159,33534
2022-12-01,144,689945,35302137,35978
2022-12-02,129,690074,35337546,35409
2022-12-03,35,690109,35361773,24227
2022-12-04,15,690124,35369105,7332
2022-12-05,105,690229,35396191,27086
2022-12-06,180,690409,35452099,55908
2022-12-07,168,690577,35497781,45682
2022-12-08,100,690677,35531716,33935
2022-12-09,0,690677,35531716,0
2022-12-10,70,690747,35570761,39045
2022-12-11,7,690754,35577538,6777
2022-12-12,261,691015,35643770,66232
2022-12-13,163,691178,35696918,53148
2022-12-14,271,691449,35751411,54493
2022-12-15,203,691652,35809832,58421
2022-12-16,158,691810,35869526,59694
2022-12-17,53,691863,35892110,22584
2022-12-18,20,691883,35901978,9868
2022-12-19,158,692041,35945063,43085
2022-12-20,239,692280,36001760,56697
2022-12-21,181,692461,36044441,42681
2022-12-22,191,692652,36092845,48404
2022-12-23,91,692743,36124337,31492
2022-12-24,0,692743,36124337,0
2022-12-25,0,692743,36124337,0
2022-12-26,226,692969,36190389,66052
2022-12-27,230,693199,36226287,35898
2022-12-28,363,693562,36264721,38434
2022-12-29,172,693734,36302415,37694
2022-12-30,119,693853,36331281,28866
2022-12-31,0,693853,36331281,0
2023-01-01,0,693853,36331281,0
2023-01-02,128,693981,36362366,31085
2023-01-03,211,694192,36390423,28057
2023-01-04,219,694411,36423138,32715
2023-01-05,158,694569,36450812,27674
2023-01-06,210,694779,36477214,26402
2023-01-07,27,694806,36488386,11172
2023-01-08,11,694817,36490050,1664
2023-01-09,100,694917,36511286,21236
2023-01-10,68,694985,36552432,41146
2023-01-11,103,695088,36578865,26433
2023-01-12,148,695236,36597935,19070
2023-01-13,78,695314,36620371,22436
2023-01-14,24,695338,36624714,4343
2023-01-15,5,695343,36628099,3385
2023-01-16,67,695410,36640787,12688
2023-01-17,114,695524,36665047,24260
2023-01-18,91,695615,36677844,12797
2023-01-19,472,696087,36698875,21031
2023-01-20,101,696188,36712851,13976
2023-01-21,66,696254,36717501,4650
2023-01-22,3,696257,36718053,552
2023-01-23,67,696324,36730913,12860
2023-01-24,161,696485,36751410,20497
2023-01-25,118,696603,36768677,17267
2023-01-26,93,696696,36780127,11450
2023-01-27,46,696742,36791267,11140
2023-01-28,15,696757,36793778,2511
2023-01-29,2,696759,36794261,483
2023-01-30,133,696892,36807814,13553
2023-01-31,182,697074,36824580,16766
2023-02-01,126,697200,36837943,13363
2023-02-02,48,697248,36857916,19973
2023-02-03,97,697345,36866658,8742
2023-02-04,15,697360,36868219,1561
2023-02-05,1,697361,36868946,727
2023-02-06,78,697439,36878774,9828
2023-02-07,94,697533,36887991,9217
2023-02-08,50,697583,36907890,19899
2023-02-09,37,697620,36917623,9733
2023-02-10,42,697662,36930339,12716
2023-02-11,12,697674,36932532,2193
2023-02-12,0,697674,36932830,298
2023-02-13,88,697762,36953492,20662
2023-02-14,86,697848,36949318,-4174
2023-02-15,46,697894,36960888,11570
2023-02-16,120,698014,36970513,9625
2023-02-17,33,698047,36987682,17169
2023-02-18,9,698056,36989373,1691
2023-02-19,0,698056,36989857,484
2023-02-20,2,698058,36990274,417
2023-02-21,11,698069,36992154,1880
2023-02-22,312,698381,36997328,5174
2023-02-23,453,698834,37008944,11616
2023-02-24,94,698928,37020531,11587
2023-02-25,18,698946,37023465,2934
2023-02-26,1,698947,37024417,952
2023-02-27,59,699006,37038230,13813
2023-02-28,81,699087,37052936,14706
2023-03-01,110,699197,37063464,10528
2023-03-02,46,699243,37066791,3327
2023-03-03,33,699276,37076053,9262
2023-03-04,34,699310,37085520,9467
2023-03-05,0,699310,37085520,0
2023-03-06,0,699310,37085520,0
2023-03-07,0,699310,37085520,0
2023-03-08,0,699310,37085520,0
2023-03-09,0,699310,37085520,0
2023-03-10,0,699310,37085520,0
2023-03-11,324,699634,37145514,59994
2023-03-12,0,699634,37145514,0
2023-03-13,0,699634,37145514,0
2023-03-14,0,699634,37145514,0
2023-03-15,0,699634,37145514,0
2023-03-16,0,699634,37145514,0
2023-03-17,0,699634,37145514,0
2023-03-18,283,699917,37204677,59163
2023-03-19,0,699917,37204677,0
2023-03-20,0,699917,37204677,0
2023-03-21,0,699917,37204677,0
2023-03-22,0,699917,37204677,0
2023-03-23,0,699917,37204677,0
2023-03-24,0,699917,37204677,0
2023-03-25,322,700239,37258663,53986
2023-03-26,0,700239,37258663,0
2023-03-27,0,700239,37258663,0
2023-03-28,0,700239,37258663,0
2023-03-29,0,700239,37258663,0
2023-03-30,0,700239,37258663,0
2023-03-31,0,700239,37258663,0
2023-04-01,317,700556,37319254,60591
2023-04-02,0,700556,37319254,0
2023-04-03,0,700556,37319254,0
2023-04-04,0,700556,37319254,0
2023-04-05,0,700556,37319254,0
2023-04-06,0,700556,37319254,0
2023-04-07,0,700556,37319254,0
2023-04-08,255,700811,37358092,38838
2023-04-09,0,700811,37358092,0
2023-04-10,0,700811,37358092,0
2023-04-11,0,700811,37358092,0
2023-04-12,0,700811,37358092,0
2023-04-13,0,700811,37358092,0
2023-04-14,0,700811,37358092,0
2023-04-15,404,701215,37407232,49140
2023-04-16,0,701215,37407232,0
2023-04-17,0,701215,37407232,0
2023-04-18,0,701215,37407232,0
2023-04-19,0,701215,37407232,0
2023-04-20,0,701215,37407232,0
2023-04-21,0,701215,37407232,0
2023-04-22,279,701494,37449418,42186
2023-04-23,0,701494,37449418,0
2023-04-24,0,701494,37449418,0
2023-04-25,0,701494,37449418,0
2023-04-26,0,701494,37449418,0
2023-04-27,0,701494,37449418,0
2023-04-28,0,701494,37449418,0
2023-04-29,339,701833,37487971,38553
2023-04-30,0,701833,37487971,0
2023-05-01,0,701833,37487971,0
2023-05-02,0,701833,37487971,0
2023-05-03,0,701833,37487971,0
2023-05-04,0,701833,37487971,0
2023-05-05,0,701833,37487971,0
2023-05-06,283,702116,37511921,23950
2023-05-07,0,702116,37511921,0
2023-05-08,0,702116,37511921,0
2023-05-09,0,702116,37511921,0
2023-05-10,0,702116,37511921,0
2023-05-11,0,702116,37511921,0
2023-05-12,0,702116,37511921,0
2023-05-13,305,702421,37553337,41416
2023-05-14,0,702421,37553337,0
2023-05-15,0,702421,37553337,0
2023-05-16,0,702421,37553337,0
2023-05-17,0,702421,37553337,0
2023-05-18,0,702421,37553337,0
2023-05-19,0,702421,37553337,0
2023-05-20,243,702664,37579028,25691
2023-05-21,0,702664,37579028,0
2023-05-22,0,702664,37579028,0
2023-05-23,0,702664,37579028,0
2023-05-24,0,702664,37579028,0
2023-05-25,0,702664,37579028,0
2023-05-26,0,702664,37579028,0
2023-05-27,243,702907,37601257,22229
2023-05-28,0,702907,37601257,0
2023-05-29,0,702907,37601257,0
2023-05-30,0,702907,37601257,0
2023-05-31,0,702907,37601257,0
2023-06-01,0,702907,37601257,0
2023-06-02,0,702907,37601257,0
2023-06-03,384,703291,37625916,24659
2023-06-04,0,703291,37625916,0
2023-06-05,0,703291,37625916,0
2023-06-06,0,703291,37625916,0
2023-06-07,0,703291,37625916,0
2023-06-08,0,703291,37625916,0
2023-06-09,0,703291,37625916,0
2023-06-10,108,703399,37639324,13408
2023-06-11,0,703399,37639324,0
2023-06-12,0,703399,37639324,0
2023-06-13,0,703399,37639324,0
2023-06-14,0,703399,37639324,0
2023-06-15,0,703399,37639324,0
2023-06-16,0,703399,37639324,0
2023-06-17,320,703719,37656050,16726
2023-06-18,0,703719,37656050,0
2023-06-19,0,703719,37656050,0
2023-06-20,0,703719,37656050,0
2023-06-21,0,703719,37656050,0
2023-06-22,0,703719,37656050,0
2023-06-23,0,703719,37656050,0
