coduf,continente,regiao,data,casosAcumulado,obitosAcumulado,obitosNovos,totalVacinacoes,pessoasVacinadas,novasVacinacoes,country
BRA,South America,Brazil,2021-02-27,10390461,251498.0,1541.0,8433568.0,6518628,111526.0,Brasil
BRA,South America,Brazil,2021-02-28,10455630,252835.0,1337.0,8465403.0,6542206,31835.0,Brasil
BRA,South America,Brazil,2021-03-01,10517232,254221.0,1386.0,8841027.0,6806293,375624.0,Brasil
BRA,South America,Brazil,2021-03-02,10551259,254942.0,721.0,9277322.0,7114219,436295.0,Brasil
BRA,South America,Brazil,2021-03-03,10587001,255720.0,778.0,9739676.0,7417852,462354.0,Brasil
BRA,South America,Brazil,2021-03-04,10646926,257361.0,1641.0,10169160.0,7701146,429484.0,Brasil
BRA,South America,Brazil,2021-03-05,10718630,259271.0,1910.0,10576542.0,7958939,407382.0,Brasil
BRA,South America,Brazil,2021-03-06,10793732,260970.0,1699.0,10830688.0,8142004,254146.0,Brasil
BRA,South America,Brazil,2021-03-07,10869227,262770.0,1800.0,10948409.0,8227671,117721.0,Brasil
BRA,South America,Brazil,2021-03-08,10938836,264325.0,1555.0,11357494.0,8504966,409085.0,Brasil
BRA,South America,Brazil,2021-03-09,11019344,265411.0,1086.0,11756131.0,8764547,398637.0,Brasil
BRA,South America,Brazil,2021-03-10,11051665,266398.0,987.0,12181103.0,9013293,424972.0,Brasil
BRA,South America,Brazil,2021-03-11,11122429,268370.0,1972.0,12613179.0,9298511,432076.0,Brasil
BRA,South America,Brazil,2021-03-12,11202305,270656.0,2286.0,13017720.0,9547655,404541.0,Brasil
BRA,South America,Brazil,2021-03-13,11277717,272889.0,2233.0,13223729.0,9669967,206009.0,Brasil
BRA,South America,Brazil,2021-03-14,11363380,275105.0,2216.0,13286664.0,9718209,62935.0,Brasil
BRA,South America,Brazil,2021-03-15,11439558,277102.0,1997.0,13763573.0,10087787,476909.0,Brasil
BRA,South America,Brazil,2021-03-16,11483370,278229.0,1127.0,14198794.0,10402388,435221.0,Brasil
BRA,South America,Brazil,2021-03-17,11519609,279286.0,1057.0,14648691.0,10725474,449897.0,Brasil
BRA,South America,Brazil,2021-03-18,11603535,282127.0,2841.0,15087602.0,11055747,438911.0,Brasil
BRA,South America,Brazil,2021-03-19,11693838,284775.0,2648.0,15623349.0,11509501,535747.0,Brasil
BRA,South America,Brazil,2021-03-20,11780820,287499.0,2724.0,15883688.0,11739832,260339.0,Brasil
BRA,South America,Brazil,2021-03-21,11871390,290314.0,2815.0,15980363.0,11818482,96675.0,Brasil
BRA,South America,Brazil,2021-03-22,11950459,292752.0,2438.0,16567102.0,12314847,586739.0,Brasil
BRA,South America,Brazil,2021-03-23,11998233,294042.0,1290.0,17157631.0,12817812,590529.0,Brasil
BRA,South America,Brazil,2021-03-24,12047526,295425.0,1383.0,17886781.0,13436373,729150.0,Brasil
BRA,South America,Brazil,2021-03-25,12130019,298676.0,3251.0,18655345.0,14102934,768564.0,Brasil
BRA,South America,Brazil,2021-03-26,12220011,300685.0,2009.0,19577786.0,14928869,922441.0,Brasil
BRA,South America,Brazil,2021-03-27,12320169,303462.0,2777.0,19962072.0,15282128,384286.0,Brasil
BRA,South America,Brazil,2021-03-28,12404414,307112.0,3650.0,20216938.0,15513974,254866.0,Brasil
BRA,South America,Brazil,2021-03-29,12490362,310550.0,3438.0,21160763.0,16335279,943825.0,Brasil
BRA,South America,Brazil,2021-03-30,12534688,312206.0,1656.0,21950245.0,16995184,789482.0,Brasil
BRA,South America,Brazil,2021-03-31,12573615,313866.0,1660.0,22839287.0,17745732,889042.0,Brasil
BRA,South America,Brazil,2021-04-01,12658109,317646.0,3780.0,23880805.0,18639028,1041518.0,Brasil
BRA,South America,Brazil,2021-04-02,12748747,321515.0,3869.0,24181208.0,18900837,300403.0,Brasil
BRA,South America,Brazil,2021-04-03,12839844,325284.0,3769.0,24575470.0,19222342,394262.0,Brasil
BRA,South America,Brazil,2021-04-04,12910082,328206.0,2922.0,24910668.0,19510333,335198.0,Brasil
BRA,South America,Brazil,2021-04-05,12953597,330193.0,1987.0,25658532.0,20056296,747864.0,Brasil
BRA,South America,Brazil,2021-04-06,12984956,331433.0,1240.0,26736003.0,20850120,1077471.0,Brasil
BRA,South America,Brazil,2021-04-07,13013601,332752.0,1319.0,27644079.0,21538484,908076.0,Brasil
BRA,South America,Brazil,2021-04-08,13100580,336947.0,4195.0,28653848.0,22246612,1009769.0,Brasil
BRA,South America,Brazil,2021-04-09,13193205,340776.0,3829.0,29544578.0,22693305,890730.0,Brasil
BRA,South America,Brazil,2021-04-10,13279857,345025.0,4249.0,30084664.0,23097172,540086.0,Brasil
BRA,South America,Brazil,2021-04-11,13373174,348718.0,3693.0,30356896.0,23300896,272232.0,Brasil
BRA,South America,Brazil,2021-04-12,13445006,351334.0,2616.0,31316420.0,23910515,959524.0,Brasil
BRA,South America,Brazil,2021-04-13,13482023,353137.0,1803.0,32217205.0,24473138,900785.0,Brasil
BRA,South America,Brazil,2021-04-14,13517808,354617.0,1480.0,33148388.0,24996380,931183.0,Brasil
BRA,South America,Brazil,2021-04-15,13599994,358425.0,3808.0,34050325.0,25478194,901937.0,Brasil
BRA,South America,Brazil,2021-04-16,13673507,361884.0,3459.0,34993448.0,25810304,943123.0,Brasil
BRA,South America,Brazil,2021-04-17,13746681,365444.0,3560.0,35603882.0,26085155,610434.0,Brasil
BRA,South America,Brazil,2021-04-18,13832455,368749.0,3305.0,35817144.0,26210282,213262.0,Brasil
BRA,South America,Brazil,2021-04-19,13900091,371678.0,2929.0,36910479.0,26707227,1093335.0,Brasil
BRA,South America,Brazil,2021-04-20,13943071,373335.0,1657.0,37909705.0,27184073,999226.0,Brasil
BRA,South America,Brazil,2021-04-21,13973695,374682.0,1347.0,38467754.0,27518053,558049.0,Brasil
BRA,South America,Brazil,2021-04-22,14043076,378003.0,3321.0,39291064.0,27887014,823310.0,Brasil
BRA,South America,Brazil,2021-04-23,14122795,381475.0,3472.0,41073104.0,28783905,1782040.0,Brasil
BRA,South America,Brazil,2021-04-24,14167973,383502.0,2027.0,41494939.0,28981002,421835.0,Brasil
BRA,South America,Brazil,2021-04-25,14237078,386416.0,2914.0,41626753.0,29041497,131814.0,Brasil
BRA,South America,Brazil,2021-04-26,14308215,389492.0,3076.0,42787199.0,29601947,1160446.0,Brasil
BRA,South America,Brazil,2021-04-27,14340787,390797.0,1305.0,44287510.0,30275923,1500311.0,Brasil
BRA,South America,Brazil,2021-04-28,14369423,391936.0,1139.0,45379804.0,30748674,1092294.0,Brasil
BRA,South America,Brazil,2021-04-29,14441563,395022.0,3086.0,46426188.0,31243694,1046384.0,Brasil
BRA,South America,Brazil,2021-04-30,14521289,398185.0,3163.0,47399150.0,31696792,972962.0,Brasil
BRA,South America,Brazil,2021-05-01,14590678,401186.0,3001.0,47663526.0,31830880,264376.0,Brasil
BRA,South America,Brazil,2021-05-02,14659011,403781.0,2595.0,47755613.0,31884404,92087.0,Brasil
BRA,South America,Brazil,2021-05-03,14725975,406437.0,2656.0,48643324.0,32345310,887711.0,Brasil
BRA,South America,Brazil,2021-05-04,14754910,407639.0,1202.0,49626137.0,32896171,982813.0,Brasil
BRA,South America,Brazil,2021-05-05,14779529,408622.0,983.0,50576224.0,33490395,950087.0,Brasil
BRA,South America,Brazil,2021-05-06,14856888,411588.0,2966.0,51624587.0,34271192,1048363.0,Brasil
BRA,South America,Brazil,2021-05-07,14930183,414399.0,2811.0,52647815.0,35008550,1023228.0,Brasil
BRA,South America,Brazil,2021-05-08,15003563,416949.0,2550.0,52972460.0,35253389,324645.0,Brasil
BRA,South America,Brazil,2021-05-09,15082449,419114.0,2165.0,53064124.0,35318058,91664.0,Brasil
BRA,South America,Brazil,2021-05-10,15145879,421316.0,2202.0,54008862.0,35926219,944738.0,Brasil
BRA,South America,Brazil,2021-05-11,15184790,422340.0,1024.0,54912939.0,36523507,904077.0,Brasil
BRA,South America,Brazil,2021-05-12,15209990,423229.0,889.0,55907165.0,37233983,994226.0,Brasil
BRA,South America,Brazil,2021-05-13,15282705,425540.0,2311.0,56583962.0,37768491,676797.0,Brasil
BRA,South America,Brazil,2021-05-14,15359397,428034.0,2494.0,57313642.0,38320507,729680.0,Brasil
BRA,South America,Brazil,2021-05-15,15433989,430417.0,2383.0,57668646.0,38570631,355004.0,Brasil
BRA,South America,Brazil,2021-05-16,15519525,432628.0,2211.0,57935280.0,38752714,266634.0,Brasil
BRA,South America,Brazil,2021-05-17,15586534,434715.0,2087.0,58714631.0,39284275,779351.0,Brasil
BRA,South America,Brazil,2021-05-18,15627475,435751.0,1036.0,59603625.0,39891922,888994.0,Brasil
BRA,South America,Brazil,2021-05-19,15657391,436537.0,786.0,60363334.0,40435632,759709.0,Brasil
BRA,South America,Brazil,2021-05-20,15732836,439050.0,2513.0,61297420.0,41089722,934086.0,Brasil
BRA,South America,Brazil,2021-05-21,15812055,441691.0,2641.0,62122684.0,41659039,825264.0,Brasil
BRA,South America,Brazil,2021-05-22,15894094,444094.0,2403.0,62459684.0,41882011,337000.0,Brasil
BRA,South America,Brazil,2021-05-23,15970949,446309.0,2215.0,63278821.0,42474538,819137.0,Brasil
BRA,South America,Brazil,2021-05-24,16047439,448208.0,1899.0,64098809.0,43008064,819988.0,Brasil
BRA,South America,Brazil,2021-05-25,16083258,449068.0,860.0,64918585.0,43525933,819776.0,Brasil
BRA,South America,Brazil,2021-05-26,16120756,449858.0,790.0,65668438.0,44045168,749853.0,Brasil
BRA,South America,Brazil,2021-05-27,16194209,452031.0,2173.0,66363506.0,44530761,695068.0,Brasil
BRA,South America,Brazil,2021-05-28,16274695,454429.0,2398.0,67359292.0,45284397,995786.0,Brasil
BRA,South America,Brazil,2021-05-29,16342162,456674.0,2245.0,67761958.0,45604680,402666.0,Brasil
BRA,South America,Brazil,2021-05-30,16391930,459045.0,2371.0,67874735.0,45684962,112777.0,Brasil
BRA,South America,Brazil,2021-05-31,16471600,461057.0,2012.0,68665647.0,46328168,790912.0,Brasil
BRA,South America,Brazil,2021-06-01,16515120,461931.0,874.0,69477898.0,46932629,812251.0,Brasil
BRA,South America,Brazil,2021-06-02,16545554,462791.0,860.0,70685368.0,47852026,1207470.0,Brasil
BRA,South America,Brazil,2021-06-03,16624480,465199.0,2408.0,71245492.0,48321463,560124.0,Brasil
BRA,South America,Brazil,2021-06-04,16720081,467706.0,2507.0,71961789.0,48963900,716297.0,Brasil
BRA,South America,Brazil,2021-06-05,16803472,469388.0,1682.0,72586950.0,49491413,625161.0,Brasil
BRA,South America,Brazil,2021-06-06,16841408,470842.0,1454.0,72811509.0,49685501,224559.0,Brasil
BRA,South America,Brazil,2021-06-07,16907425,472531.0,1689.0,73614079.0,50381104,802570.0,Brasil
BRA,South America,Brazil,2021-06-08,16947062,473404.0,873.0,74920113.0,51502554,1306034.0,Brasil
BRA,South America,Brazil,2021-06-09,16984218,474414.0,1010.0,76117123.0,52567517,1197010.0,Brasil
BRA,South America,Brazil,2021-06-10,17037129,476792.0,2378.0,77243101.0,53577624,1125978.0,Brasil
BRA,South America,Brazil,2021-06-11,17122877,479515.0,2723.0,78471914.0,54685737,1228813.0,Brasil
BRA,South America,Brazil,2021-06-12,17210969,482019.0,2504.0,79118243.0,55292343,646329.0,Brasil
BRA,South America,Brazil,2021-06-13,17296118,484235.0,2216.0,79466212.0,55617274,347969.0,Brasil
BRA,South America,Brazil,2021-06-14,17374818,486272.0,2037.0,80577338.0,56657381,1111126.0,Brasil
BRA,South America,Brazil,2021-06-15,17412766,487401.0,1129.0,81940689.0,57910386,1363351.0,Brasil
BRA,South America,Brazil,2021-06-16,17452612,488228.0,827.0,83181485.0,59068483,1240796.0,Brasil
BRA,South America,Brazil,2021-06-17,17533221,490696.0,2468.0,85441106.0,61187304,2259621.0,Brasil
BRA,South America,Brazil,2021-06-18,17628588,493693.0,2997.0,87160471.0,62785859,1719365.0,Brasil
BRA,South America,Brazil,2021-06-19,17702630,496004.0,2311.0,88108418.0,63659153,947947.0,Brasil
BRA,South America,Brazil,2021-06-20,17801462,498499.0,2495.0,88570223.0,64099339,461805.0,Brasil
BRA,South America,Brazil,2021-06-21,17883750,500800.0,2301.0,90013336.0,65421825,1443113.0,Brasil
BRA,South America,Brazil,2021-06-22,17927928,501825.0,1025.0,91420290.0,66688623,1406954.0,Brasil
BRA,South America,Brazil,2021-06-23,17966831,502586.0,761.0,92782243.0,67890907,1361953.0,Brasil
BRA,South America,Brazil,2021-06-24,18054653,504717.0,2131.0,94322179.0,69113521,1539936.0,Brasil
BRA,South America,Brazil,2021-06-25,18169881,507109.0,2392.0,95764065.0,70369603,1441886.0,Brasil
BRA,South America,Brazil,2021-06-26,18243483,509141.0,2032.0,96545254.0,71090361,781189.0,Brasil
BRA,South America,Brazil,2021-06-27,18322760,511142.0,2001.0,96789753.0,71319026,244499.0,Brasil
BRA,South America,Brazil,2021-06-28,18386894,512735.0,1593.0,97929680.0,72324820,1139927.0,Brasil
BRA,South America,Brazil,2021-06-29,18420598,513474.0,739.0,99828676.0,73943650,1898996.0,Brasil
BRA,South America,Brazil,2021-06-30,18448402,514092.0,618.0,101167462.0,75097273,1338786.0,Brasil
BRA,South America,Brazil,2021-07-01,18513305,515985.0,1893.0,102561737.0,76284848,1394275.0,Brasil
BRA,South America,Brazil,2021-07-02,18557141,518066.0,2081.0,104047565.0,77586349,1485828.0,Brasil
BRA,South America,Brazil,2021-07-03,18622304,520095.0,2029.0,104753510.0,78210253,705945.0,Brasil
BRA,South America,Brazil,2021-07-04,18687469,521952.0,1857.0,105097389.0,78512727,343879.0,Brasil
BRA,South America,Brazil,2021-07-05,18742025,523587.0,1635.0,106696625.0,79835457,1599236.0,Brasil
BRA,South America,Brazil,2021-07-06,18769808,524417.0,830.0,108247755.0,81152984,1551130.0,Brasil
BRA,South America,Brazil,2021-07-07,18792511,525112.0,695.0,109976127.0,82649595,1728372.0,Brasil
BRA,South America,Brazil,2021-07-08,18855015,526892.0,1780.0,111573265.0,83948802,1597138.0,Brasil
BRA,South America,Brazil,2021-07-09,18909037,528540.0,1648.0,112999344.0,85166293,1426079.0,Brasil
BRA,South America,Brazil,2021-07-10,18962762,530179.0,1639.0,113929447.0,85922323,930103.0,Brasil
BRA,South America,Brazil,2021-07-11,19020499,531688.0,1509.0,114350128.0,86272249,420681.0,Brasil
BRA,South America,Brazil,2021-07-12,19069003,532893.0,1205.0,115654260.0,87264587,1304132.0,Brasil
BRA,South America,Brazil,2021-07-13,19089940,533488.0,595.0,117154411.0,88385719,1500151.0,Brasil
BRA,South America,Brazil,2021-07-14,19106971,534233.0,745.0,118689127.0,89449394,1534716.0,Brasil
BRA,South America,Brazil,2021-07-15,19151993,535838.0,1605.0,120155331.0,90743692,1466204.0,Brasil
BRA,South America,Brazil,2021-07-16,19209729,537394.0,1556.0,121651233.0,91739486,1495902.0,Brasil
BRA,South America,Brazil,2021-07-17,19262518,538942.0,1548.0,122615695.0,92434146,964462.0,Brasil
BRA,South America,Brazil,2021-07-18,19308109,540398.0,1456.0,122859535.0,92630599,243840.0,Brasil
BRA,South America,Brazil,2021-07-19,19342448,541266.0,868.0,124433796.0,93786760,1574261.0,Brasil
BRA,South America,Brazil,2021-07-20,19376574,542214.0,948.0,126315897.0,95101845,1882101.0,Brasil
BRA,South America,Brazil,2021-07-21,19391845,542756.0,542.0,128199383.0,96304601,1883486.0,Brasil
BRA,South America,Brazil,2021-07-22,19419437,544180.0,1424.0,130131385.0,97428671,1932002.0,Brasil
BRA,South America,Brazil,2021-07-23,19473954,545604.0,1424.0,131858906.0,98712936,1727521.0,Brasil
BRA,South America,Brazil,2021-07-24,19523711,547016.0,1412.0,132812191.0,99391757,953285.0,Brasil
BRA,South America,Brazil,2021-07-25,19632443,548340.0,1324.0,133139145.0,99610570,326954.0,Brasil
BRA,South America,Brazil,2021-07-26,19670534,549448.0,1108.0,134540217.0,100522817,1401072.0,Brasil
BRA,South America,Brazil,2021-07-27,19688663,549924.0,476.0,136158369.0,101528055,1618152.0,Brasil
BRA,South America,Brazil,2021-07-28,19707662,550502.0,578.0,137944954.0,102535345,1786585.0,Brasil
BRA,South America,Brazil,2021-07-29,19749073,551835.0,1333.0,139483586.0,103363365,1538632.0,Brasil
BRA,South America,Brazil,2021-07-30,19797086,553179.0,1344.0,141319627.0,104477597,1836041.0,Brasil
BRA,South America,Brazil,2021-07-31,19839369,554497.0,1318.0,142301917.0,105083580,982290.0,Brasil
BRA,South America,Brazil,2021-08-01,19880273,555460.0,963.0,142598659.0,105292650,296742.0,Brasil
BRA,South America,Brazil,2021-08-02,19917855,556370.0,910.0,143762758.0,105934725,1164099.0,Brasil
BRA,South America,Brazil,2021-08-03,19938358,556834.0,464.0,145618595.0,107137953,1855837.0,Brasil
BRA,South America,Brazil,2021-08-04,19953501,557223.0,389.0,148054492.0,108658469,2435897.0,Brasil
BRA,South America,Brazil,2021-08-05,19985817,558432.0,1209.0,149763010.0,109745651,1708518.0,Brasil
BRA,South America,Brazil,2021-08-06,20026533,559607.0,1175.0,151506191.0,110841845,1743181.0,Brasil
BRA,South America,Brazil,2021-08-07,20066587,560706.0,1099.0,152313188.0,111342715,806997.0,Brasil
BRA,South America,Brazil,2021-08-08,20108746,561762.0,1056.0,152680029.0,111566720,366841.0,Brasil
BRA,South America,Brazil,2021-08-09,20151779,562752.0,990.0,154190964.0,112476618,1510935.0,Brasil
BRA,South America,Brazil,2021-08-10,20165672,563151.0,399.0,156399040.0,113880889,2208076.0,Brasil
BRA,South America,Brazil,2021-08-11,20177757,563562.0,411.0,158422879.0,115251518,2023839.0,Brasil
BRA,South America,Brazil,2021-08-12,20212642,564773.0,1211.0,160674246.0,116780678,2251367.0,Brasil
BRA,South America,Brazil,2021-08-13,20245085,565748.0,975.0,162832096.0,118175020,2157850.0,Brasil
BRA,South America,Brazil,2021-08-14,20285067,566896.0,1148.0,164215233.0,119132205,1383137.0,Brasil
BRA,South America,Brazil,2021-08-15,20319000,567862.0,966.0,164680217.0,119504650,464984.0,Brasil
BRA,South America,Brazil,2021-08-16,20350142,568788.0,926.0,166750328.0,120686544,2070111.0,Brasil
BRA,South America,Brazil,2021-08-17,20364099,569058.0,270.0,169753003.0,122541955,3002675.0,Brasil
BRA,South America,Brazil,2021-08-18,20378570,569492.0,434.0,171741149.0,123678883,1988146.0,Brasil
BRA,South America,Brazil,2021-08-19,20416183,570598.0,1106.0,174263122.0,125160916,2521973.0,Brasil
BRA,South America,Brazil,2021-08-20,20457897,571662.0,1064.0,176376890.0,126384146,2113768.0,Brasil
BRA,South America,Brazil,2021-08-21,20494212,572641.0,979.0,177587502.0,127168248,1210612.0,Brasil
BRA,South America,Brazil,2021-08-22,20528099,573511.0,870.0,178173214.0,127600937,585712.0,Brasil
BRA,South America,Brazil,2021-08-23,20556487,574209.0,698.0,180251675.0,128859272,2078461.0,Brasil
BRA,South America,Brazil,2021-08-24,20570891,574527.0,318.0,182654763.0,130267899,2403088.0,Brasil
BRA,South America,Brazil,2021-08-25,20583994,574848.0,321.0,184707573.0,131489509,2052810.0,Brasil
BRA,South America,Brazil,2021-08-26,20614866,575742.0,894.0,186102952.0,131918133,1395379.0,Brasil
BRA,South America,Brazil,2021-08-27,20645537,576645.0,903.0,188045400.0,132939921,1942448.0,Brasil
BRA,South America,Brazil,2021-08-28,20676561,577565.0,920.0,189376018.0,133608741,1330618.0,Brasil
BRA,South America,Brazil,2021-08-29,20703906,578326.0,761.0,189971293.0,133947333,595275.0,Brasil
BRA,South America,Brazil,2021-08-30,20728605,579010.0,684.0,191515901.0,134777145,1544608.0,Brasil
BRA,South America,Brazil,2021-08-31,20741815,579308.0,298.0,194176380.0,136127045,2660479.0,Brasil
BRA,South America,Brazil,2021-09-01,20752281,579574.0,266.0,196166473.0,137067385,1990093.0,Brasil
BRA,South America,Brazil,2021-09-02,20776870,580413.0,839.0,198142390.0,137897705,1975917.0,Brasil
BRA,South America,Brazil,2021-09-03,20804215,581150.0,737.0,200077775.0,138653061,1935385.0,Brasil
BRA,South America,Brazil,2021-09-04,20830495,581914.0,764.0,201126108.0,139039441,1048333.0,Brasil
BRA,South America,Brazil,2021-09-05,20856060,582670.0,756.0,201522079.0,139210778,395971.0,Brasil
BRA,South America,Brazil,2021-09-06,20877864,583362.0,692.0,203024669.0,139985523,1502590.0,Brasil
BRA,South America,Brazil,2021-09-07,20890779,583628.0,266.0,203577189.0,140218809,552520.0,Brasil
BRA,South America,Brazil,2021-09-08,20899933,583810.0,182.0,205296045.0,140820674,1718856.0,Brasil
BRA,South America,Brazil,2021-09-09,20913578,584171.0,361.0,207509808.0,141565747,2213763.0,Brasil
BRA,South America,Brazil,2021-09-10,20928008,584421.0,250.0,209917761.0,142382292,2407953.0,Brasil
BRA,South America,Brazil,2021-09-11,20958899,585174.0,753.0,211223433.0,142798088,1305672.0,Brasil
BRA,South America,Brazil,2021-09-12,20974850,585846.0,672.0,211710814.0,142983971,487381.0,Brasil
BRA,South America,Brazil,2021-09-13,20989164,586558.0,712.0,213203733.0,143433748,1492919.0,Brasil
BRA,South America,Brazil,2021-09-14,20999779,586851.0,293.0,215338063.0,144100429,2134330.0,Brasil
BRA,South America,Brazil,2021-09-15,21006424,587066.0,215.0,217240047.0,144761529,1901984.0,Brasil
BRA,South America,Brazil,2021-09-16,21019830,587797.0,731.0,218735998.0,145238112,1495951.0,Brasil
BRA,South America,Brazil,2021-09-17,21034610,588597.0,800.0,221071595.0,146000277,2335597.0,Brasil
BRA,South America,Brazil,2021-09-18,21069017,589240.0,643.0,222156927.0,146371189,1085332.0,Brasil
BRA,South America,Brazil,2021-09-19,21080219,589573.0,333.0,222581680.0,146553215,424753.0,Brasil
BRA,South America,Brazil,2021-09-20,21230325,590508.0,935.0,223781527.0,146923305,1199847.0,Brasil
BRA,South America,Brazil,2021-09-21,21239783,590752.0,244.0,225592884.0,147473077,1811357.0,Brasil
BRA,South America,Brazil,2021-09-22,21247667,590955.0,203.0,227304555.0,147966925,1711671.0,Brasil
BRA,South America,Brazil,2021-09-23,21247094,591440.0,485.0,229100357.0,148510818,1795802.0,Brasil
BRA,South America,Brazil,2021-09-24,21283567,592316.0,876.0,230893002.0,148994474,1792645.0,Brasil
BRA,South America,Brazil,2021-09-25,21308178,592964.0,648.0,231983152.0,149386359,1090150.0,Brasil
BRA,South America,Brazil,2021-09-26,21327616,593663.0,699.0,232495892.0,149565073,512740.0,Brasil
BRA,South America,Brazil,2021-09-27,21343304,594200.0,537.0,233772505.0,149871708,1276613.0,Brasil
BRA,South America,Brazil,2021-09-28,21351972,594443.0,243.0,235617220.0,150382518,1844715.0,Brasil
BRA,South America,Brazil,2021-09-29,21366395,594653.0,210.0,237320144.0,150881737,1702924.0,Brasil
BRA,South America,Brazil,2021-09-30,21381790,595446.0,793.0,239190412.0,151420924,1870268.0,Brasil
BRA,South America,Brazil,2021-10-01,21399546,596122.0,676.0,241200485.0,151901209,2010073.0,Brasil
BRA,South America,Brazil,2021-10-02,21427073,596749.0,627.0,242252204.0,152166987,1051719.0,Brasil
BRA,South America,Brazil,2021-10-03,21445651,597225.0,476.0,242632087.0,152277364,379883.0,Brasil
BRA,South America,Brazil,2021-10-04,21459117,597723.0,498.0,243733571.0,152519888,1101484.0,Brasil
BRA,South America,Brazil,2021-10-05,21468121,597948.0,225.0,245292452.0,152926450,1558881.0,Brasil
BRA,South America,Brazil,2021-10-06,21478546,598152.0,204.0,247057054.0,153310124,1764602.0,Brasil
BRA,South America,Brazil,2021-10-07,21499074,598829.0,677.0,248820533.0,153699490,1763479.0,Brasil
BRA,South America,Brazil,2021-10-08,21516967,599359.0,530.0,250516351.0,154010913,1695818.0,Brasil
BRA,South America,Brazil,2021-10-09,21532558,599810.0,451.0,251524115.0,154181567,1007764.0,Brasil
BRA,South America,Brazil,2021-10-10,21550730,600425.0,615.0,252149684.0,154292724,625569.0,Brasil
BRA,South America,Brazil,2021-10-11,21567181,600829.0,404.0,253164892.0,154580496,1015208.0,Brasil
BRA,South America,Brazil,2021-10-12,21575820,601011.0,182.0,253561158.0,154693150,396266.0,Brasil
BRA,South America,Brazil,2021-10-13,21582738,601213.0,202.0,254426529.0,154798792,865371.0,Brasil
BRA,South America,Brazil,2021-10-14,21590097,601398.0,185.0,256762148.0,155526988,2335619.0,Brasil
BRA,South America,Brazil,2021-10-15,21597949,601574.0,176.0,258849471.0,156015804,2087323.0,Brasil
BRA,South America,Brazil,2021-10-16,21612237,602099.0,525.0,260157865.0,156313972,1308394.0,Brasil
BRA,South America,Brazil,2021-10-17,21627476,602669.0,570.0,260683274.0,156420266,525409.0,Brasil
BRA,South America,Brazil,2021-10-18,21638726,603152.0,483.0,261824131.0,156558619,1140857.0,Brasil
BRA,South America,Brazil,2021-10-19,21644464,603282.0,130.0,263569544.0,156892317,1745413.0,Brasil
BRA,South America,Brazil,2021-10-20,21651910,603465.0,183.0,265607325.0,157322792,2037781.0,Brasil
BRA,South America,Brazil,2021-10-21,21664879,603855.0,390.0,266620080.0,157475037,1012755.0,Brasil
BRA,South America,Brazil,2021-10-22,21680488,604228.0,373.0,267964026.0,157679997,1343946.0,Brasil
BRA,South America,Brazil,2021-10-23,21697341,604679.0,451.0,268638494.0,157810514,674468.0,Brasil
BRA,South America,Brazil,2021-10-24,21711843,605139.0,460.0,269442502.0,157986323,804008.0,Brasil
BRA,South America,Brazil,2021-10-25,21723559,605457.0,318.0,271861944.0,158281322,2419442.0,Brasil
BRA,South America,Brazil,2021-10-26,21729763,605644.0,187.0,273720279.0,158619663,1858335.0,Brasil
BRA,South America,Brazil,2021-10-27,21735560,605804.0,160.0,275436454.0,158890656,1716175.0,Brasil
BRA,South America,Brazil,2021-10-28,21748984,606246.0,442.0,277057532.0,159171324,1621078.0,Brasil
BRA,South America,Brazil,2021-10-29,21766168,606679.0,433.0,278686713.0,159412919,1629181.0,Brasil
BRA,South America,Brazil,2021-10-30,21781436,607068.0,389.0,279265141.0,159518249,578428.0,Brasil
BRA,South America,Brazil,2021-10-31,21793401,607462.0,394.0,279666131.0,159589151,400990.0,Brasil
BRA,South America,Brazil,2021-11-01,21804094,607694.0,232.0,279959241.0,159631476,293110.0,Brasil
BRA,South America,Brazil,2021-11-02,21810855,607824.0,130.0,280181200.0,159667965,221959.0,Brasil
BRA,South America,Brazil,2021-11-03,21814693,607922.0,98.0,281228625.0,159792323,1047425.0,Brasil
BRA,South America,Brazil,2021-11-04,21821124,608071.0,149.0,282661800.0,160056071,1433175.0,Brasil
BRA,South America,Brazil,2021-11-05,21835785,608235.0,164.0,284683953.0,160333906,2022153.0,Brasil
BRA,South America,Brazil,2021-11-06,21849137,608671.0,436.0,285378181.0,160423951,694228.0,Brasil
BRA,South America,Brazil,2021-11-07,21862458,609060.0,389.0,285943124.0,160707880,564943.0,Brasil
BRA,South America,Brazil,2021-11-08,21874324,609388.0,328.0,287531811.0,160971992,1588687.0,Brasil
BRA,South America,Brazil,2021-11-09,21880439,609447.0,59.0,288956195.0,161179478,1424384.0,Brasil
BRA,South America,Brazil,2021-11-10,21886077,609573.0,126.0,290429521.0,161412780,1473326.0,Brasil
BRA,South America,Brazil,2021-11-11,21897025,609756.0,183.0,292021210.0,161690791,1591689.0,Brasil
BRA,South America,Brazil,2021-11-12,21909298,610036.0,280.0,293253508.0,161743151,1232298.0,Brasil
BRA,South America,Brazil,2021-11-13,21924598,610224.0,188.0,293936446.0,161814220,682938.0,Brasil
BRA,South America,Brazil,2021-11-14,21939196,610491.0,267.0,294339583.0,161908494,403137.0,Brasil
BRA,South America,Brazil,2021-11-15,21953838,611222.0,731.0,294928227.0,161973124,588644.0,Brasil
BRA,South America,Brazil,2021-11-16,21957967,611283.0,61.0,295624622.0,162028086,696395.0,Brasil
BRA,South America,Brazil,2021-11-17,21960766,611346.0,63.0,297253230.0,162257537,1628608.0,Brasil
BRA,South America,Brazil,2021-11-18,21965684,611478.0,132.0,298447729.0,162397679,1194499.0,Brasil
BRA,South America,Brazil,2021-11-19,21977661,611851.0,373.0,299734733.0,162554502,1287004.0,Brasil
BRA,South America,Brazil,2021-11-20,21989962,612144.0,293.0,300573489.0,162688776,838756.0,Brasil
BRA,South America,Brazil,2021-11-21,22003317,612370.0,226.0,301182753.0,162812584,609264.0,Brasil
BRA,South America,Brazil,2021-11-22,22012150,612587.0,217.0,302331069.0,162957786,1148316.0,Brasil
BRA,South America,Brazil,2021-11-23,22017276,612659.0,72.0,303515430.0,163108526,1184361.0,Brasil
BRA,South America,Brazil,2021-11-24,22019870,612782.0,123.0,304659197.0,163216460,1143767.0,Brasil
BRA,South America,Brazil,2021-11-25,22030182,613066.0,284.0,305503188.0,163342820,843991.0,Brasil
BRA,South America,Brazil,2021-11-26,22043112,613339.0,273.0,306741882.0,163546806,1238694.0,Brasil
BRA,South America,Brazil,2021-11-27,22055238,613642.0,303.0,307205318.0,163607249,463436.0,Brasil
BRA,South America,Brazil,2021-11-28,22067630,613957.0,315.0,307583387.0,163684746,378069.0,Brasil
BRA,South America,Brazil,2021-11-29,22076863,614186.0,229.0,307817825.0,163706613,234438.0,Brasil
BRA,South America,Brazil,2021-11-30,22080906,614278.0,92.0,309486607.0,163926497,1668782.0,Brasil
BRA,South America,Brazil,2021-12-01,22084749,614376.0,98.0,310770495.0,164159539,1283888.0,Brasil
BRA,South America,Brazil,2021-12-02,22094459,614681.0,305.0,311950389.0,164290464,1179894.0,Brasil
BRA,South America,Brazil,2021-12-03,22105872,614964.0,283.0,313665030.0,164457496,1714641.0,Brasil
BRA,South America,Brazil,2021-12-04,22118782,615179.0,215.0,314450780.0,164543599,785750.0,Brasil
BRA,South America,Brazil,2021-12-05,22129409,615400.0,221.0,314612221.0,164589731,161441.0,Brasil
BRA,South America,Brazil,2021-12-06,22138247,615570.0,170.0,315518302.0,164604790,906081.0,Brasil
BRA,South America,Brazil,2021-12-07,22143091,615636.0,66.0,316677030.0,164711745,1158728.0,Brasil
BRA,South America,Brazil,2021-12-08,22147476,615744.0,108.0,317474217.0,164800426,797187.0,Brasil
BRA,South America,Brazil,2021-12-09,22157726,616018.0,274.0,318799260.0,164914808,1325043.0,Brasil
BRA,South America,Brazil,2021-12-10,22167781,616251.0,233.0,319739095.0,0,939835.0,Brasil
BRA,South America,Brazil,2021-12-11,22177059,616457.0,206.0,319980117.0,0,241022.0,Brasil
BRA,South America,Brazil,2021-12-12,22184824,616691.0,234.0,320112450.0,0,132333.0,Brasil
BRA,South America,Brazil,2021-12-13,22188179,616744.0,53.0,320737938.0,0,625488.0,Brasil
BRA,South America,Brazil,2021-12-14,22189867,616830.0,86.0,321601407.0,164933940,863469.0,Brasil
BRA,South America,Brazil,2021-12-15,22191949,616878.0,48.0,322902290.0,165135181,1300883.0,Brasil
BRA,South America,Brazil,2021-12-16,22195775,616970.0,92.0,323831095.0,165279022,928805.0,Brasil
BRA,South America,Brazil,2021-12-17,22201221,617271.0,301.0,324589549.0,165393977,758454.0,Brasil
BRA,South America,Brazil,2021-12-18,22204941,617395.0,124.0,324798686.0,165409165,209137.0,Brasil
BRA,South America,Brazil,2021-12-19,22209020,617601.0,206.0,324846680.0,165417886,47994.0,Brasil
BRA,South America,Brazil,2021-12-20,22212343,617754.0,153.0,325593485.0,165471288,746805.0,Brasil
BRA,South America,Brazil,2021-12-21,22213762,617803.0,49.0,326335565.0,165554570,742080.0,Brasil
BRA,South America,Brazil,2021-12-22,22215856,617873.0,70.0,327562756.0,165836442,1227191.0,Brasil
BRA,South America,Brazil,2021-12-23,22219477,617948.0,75.0,328473878.0,165894312,911122.0,Brasil
BRA,South America,Brazil,2021-12-24,22222928,618091.0,143.0,328473878.0,0,911122.0,Brasil
BRA,South America,Brazil,2021-12-25,22226573,618228.0,137.0,328473878.0,0,911122.0,Brasil
BRA,South America,Brazil,2021-12-26,22230737,618392.0,164.0,328473878.0,0,911122.0,Brasil
BRA,South America,Brazil,2021-12-27,22230737,618392.0,164.0,329011365.0,165952037,911122.0,Brasil
BRA,South America,Brazil,2021-12-28,22239436,618448.0,56.0,329861730.0,166062249,850365.0,Brasil
BRA,South America,Brazil,2021-12-29,22246276,618534.0,86.0,330718457.0,166143380,856727.0,Brasil
BRA,South America,Brazil,2021-12-30,22254706,618705.0,171.0,331164041.0,166185628,445584.0,Brasil
BRA,South America,Brazil,2021-12-31,22263834,618817.0,112.0,331273910.0,166195505,109869.0,Brasil
BRA,South America,Brazil,2022-01-01,22277239,618984.0,167.0,331292259.0,166199307,18349.0,Brasil
BRA,South America,Brazil,2022-01-02,22287521,619056.0,72.0,331335826.0,166206716,43567.0,Brasil
BRA,South America,Brazil,2022-01-03,22291507,619105.0,49.0,332076818.0,166320650,740992.0,Brasil
BRA,South America,Brazil,2022-01-04,22293228,619133.0,28.0,332903332.0,166426973,826514.0,Brasil
BRA,South America,Brazil,2022-01-05,22305078,619209.0,76.0,333627875.0,166475764,724543.0,Brasil
BRA,South America,Brazil,2022-01-06,22323837,619384.0,175.0,333627875.0,0,724543.0,Brasil
BRA,South America,Brazil,2022-01-07,22351104,619513.0,129.0,333627875.0,0,724543.0,Brasil
BRA,South America,Brazil,2022-01-08,22386930,619641.0,128.0,333627875.0,0,724543.0,Brasil
BRA,South America,Brazil,2022-01-09,22450222,619822.0,181.0,335742922.0,166618516,724543.0,Brasil
BRA,South America,Brazil,2022-01-10,22499525,619937.0,115.0,336825920.0,166713275,1082998.0,Brasil
BRA,South America,Brazil,2022-01-11,22523907,619981.0,44.0,337655171.0,166769657,829251.0,Brasil
BRA,South America,Brazil,2022-01-12,22558695,620091.0,110.0,338386118.0,166772188,730947.0,Brasil
BRA,South America,Brazil,2022-01-13,22629460,620238.0,147.0,339257036.0,166833338,870918.0,Brasil
BRA,South America,Brazil,2022-01-14,22716091,620371.0,133.0,339988963.0,166870347,731927.0,Brasil
BRA,South America,Brazil,2022-01-15,22814917,620545.0,174.0,340281915.0,166909237,292952.0,Brasil
BRA,South America,Brazil,2022-01-16,22927203,620796.0,251.0,343352666.0,167093156,3070751.0,Brasil
BRA,South America,Brazil,2022-01-17,22975723,620971.0,175.0,347329271.0,167330250,3976605.0,Brasil
BRA,South America,Brazil,2022-01-18,23000657,621045.0,74.0,348164653.0,167385859,835382.0,Brasil
BRA,South America,Brazil,2022-01-19,23074791,621166.0,121.0,349495232.0,167547304,1330579.0,Brasil
BRA,South America,Brazil,2022-01-20,23211894,621517.0,351.0,350629268.0,167751970,1134036.0,Brasil
BRA,South America,Brazil,2022-01-21,23416748,621855.0,338.0,351485976.0,167875050,856708.0,Brasil
BRA,South America,Brazil,2022-01-22,23585243,622205.0,350.0,352744905.0,168014778,1258929.0,Brasil
BRA,South America,Brazil,2022-01-23,23751782,622563.0,358.0,352952210.0,168090877,207305.0,Brasil
BRA,South America,Brazil,2022-01-24,23909175,622801.0,238.0,354878131.0,168341120,1925921.0,Brasil
BRA,South America,Brazil,2022-01-25,24044255,623097.0,296.0,355987219.0,168546490,1109088.0,Brasil
BRA,South America,Brazil,2022-01-26,24124595,623356.0,259.0,357132990.0,168921071,1145771.0,Brasil
BRA,South America,Brazil,2022-01-27,24311317,623843.0,487.0,358789930.0,169261105,1656940.0,Brasil
BRA,South America,Brazil,2022-01-28,24535884,624413.0,570.0,360492730.0,169619416,1702800.0,Brasil
BRA,South America,Brazil,2022-01-29,24764838,625085.0,672.0,361165196.0,169825847,672466.0,Brasil
BRA,South America,Brazil,2022-01-30,25034806,625884.0,799.0,361309679.0,169865538,144483.0,Brasil
BRA,South America,Brazil,2022-01-31,25214622,626524.0,640.0,362503209.0,170322125,1193530.0,Brasil
BRA,South America,Brazil,2022-02-01,25348797,626854.0,330.0,363827251.0,170599221,1324042.0,Brasil
BRA,South America,Brazil,2022-02-02,25426744,627138.0,284.0,365113872.0,170911850,1286621.0,Brasil
BRA,South America,Brazil,2022-02-03,25620209,628067.0,929.0,366488450.0,171219037,1374578.0,Brasil
BRA,South America,Brazil,2022-02-04,25793112,628960.0,893.0,367778211.0,171783306,1289761.0,Brasil
BRA,South America,Brazil,2022-02-05,26091520,630001.0,1041.0,368572365.0,172107474,794154.0,Brasil
BRA,South America,Brazil,2022-02-06,26275831,630494.0,493.0,369521071.0,172186641,948706.0,Brasil
BRA,South America,Brazil,2022-02-07,26473273,631802.0,1308.0,370659862.0,172652514,1138791.0,Brasil
BRA,South America,Brazil,2022-02-08,26533010,632193.0,391.0,371840433.0,172885945,1180571.0,Brasil
BRA,South America,Brazil,2022-02-09,26599593,632621.0,428.0,373331749.0,172995877,1491316.0,Brasil
BRA,South America,Brazil,2022-02-10,26776620,633810.0,1189.0,375028165.0,173402815,1696416.0,Brasil
BRA,South America,Brazil,2022-02-11,26955434,635074.0,1264.0,376813738.0,173901090,1785573.0,Brasil
BRA,South America,Brazil,2022-02-12,27119500,636017.0,943.0,377626315.0,174117725,812577.0,Brasil
BRA,South America,Brazil,2022-02-13,27285509,637152.0,1135.0,378011196.0,174214439,384881.0,Brasil
BRA,South America,Brazil,2022-02-14,27425743,638048.0,896.0,378917750.0,174420792,906554.0,Brasil
BRA,South America,Brazil,2022-02-15,27479963,638362.0,314.0,379776348.0,174665423,858598.0,Brasil
BRA,South America,Brazil,2022-02-16,27538503,638835.0,473.0,380878261.0,174949012,1101913.0,Brasil
BRA,South America,Brazil,2022-02-17,27659052,639689.0,854.0,382196732.0,175209007,1318471.0,Brasil
BRA,South America,Brazil,2022-02-18,27806786,640774.0,1085.0,384112607.0,175933938,1915875.0,Brasil
BRA,South America,Brazil,2022-02-19,27937835,641902.0,1128.0,385030790.0,176141497,918183.0,Brasil
BRA,South America,Brazil,2022-02-20,28058862,643029.0,1127.0,385406305.0,176222268,375515.0,Brasil
BRA,South America,Brazil,2022-02-21,28167587,643880.0,851.0,386298288.0,176406587,891983.0,Brasil
BRA,South America,Brazil,2022-02-22,28208212,644286.0,406.0,387226162.0,176625569,927874.0,Brasil
BRA,South America,Brazil,2022-02-23,28245551,644604.0,318.0,388306875.0,176920320,1080713.0,Brasil
BRA,South America,Brazil,2022-02-24,28351327,645420.0,816.0,389748374.0,177174489,1441499.0,Brasil
BRA,South America,Brazil,2022-02-25,28484890,646419.0,999.0,391253145.0,177448925,1504771.0,Brasil
BRA,South America,Brazil,2022-02-26,28578647,647390.0,971.0,391785022.0,177544796,531877.0,Brasil
BRA,South America,Brazil,2022-02-27,28578647,647390.0,971.0,391970436.0,177579708,185414.0,Brasil
BRA,South America,Brazil,2022-02-28,28744050,648913.0,1523.0,392763634.0,177742258,793198.0,Brasil
BRA,South America,Brazil,2022-03-01,28768104,649134.0,221.0,392925626.0,177836868,161992.0,Brasil
BRA,South America,Brazil,2022-03-02,28787620,649333.0,199.0,392925626.0,0,161992.0,Brasil
BRA,South America,Brazil,2022-03-03,28811165,649630.0,297.0,394111796.0,177987744,161992.0,Brasil
BRA,South America,Brazil,2022-03-04,28842160,650000.0,370.0,394812859.0,178113009,701063.0,Brasil
BRA,South America,Brazil,2022-03-05,28904030,650578.0,578.0,395464826.0,178203894,651967.0,Brasil
BRA,South America,Brazil,2022-03-06,28973799,651255.0,677.0,395658972.0,178245534,194146.0,Brasil
BRA,South America,Brazil,2022-03-07,29033052,651927.0,672.0,396537303.0,178366451,878331.0,Brasil
BRA,South America,Brazil,2022-03-08,29049013,652143.0,216.0,397386286.0,178486274,848983.0,Brasil
BRA,South America,Brazil,2022-03-09,29069469,652341.0,198.0,398449118.0,178657742,1062832.0,Brasil
BRA,South America,Brazil,2022-03-10,29138362,652829.0,488.0,400536072.0,179288492,2086954.0,Brasil
BRA,South America,Brazil,2022-03-11,29193268,653498.0,669.0,401272006.0,179411783,735934.0,Brasil
BRA,South America,Brazil,2022-03-12,29249903,654086.0,588.0,402357624.0,179715577,1085618.0,Brasil
BRA,South America,Brazil,2022-03-13,29305114,654556.0,470.0,402573315.0,179754579,215691.0,Brasil
BRA,South America,Brazil,2022-03-14,29350134,654945.0,389.0,403286505.0,179853602,713190.0,Brasil
BRA,South America,Brazil,2022-03-15,29368776,655078.0,133.0,403856898.0,179913614,570393.0,Brasil
BRA,South America,Brazil,2022-03-16,29380063,655249.0,171.0,404885141.0,180005705,1028243.0,Brasil
BRA,South America,Brazil,2022-03-17,29432157,655585.0,336.0,405634648.0,180093699,749507.0,Brasil
BRA,South America,Brazil,2022-03-18,29478039,655940.0,355.0,406685448.0,180265232,1050800.0,Brasil
BRA,South America,Brazil,2022-03-19,29527640,656425.0,485.0,407274462.0,180341198,589014.0,Brasil
BRA,South America,Brazil,2022-03-20,29573112,656798.0,373.0,407435784.0,180360121,161322.0,Brasil
BRA,South America,Brazil,2022-03-21,29617266,657102.0,304.0,408348030.0,180469257,912246.0,Brasil
BRA,South America,Brazil,2022-03-22,29630484,657205.0,103.0,408961974.0,180523619,613944.0,Brasil
BRA,South America,Brazil,2022-03-23,29641594,657302.0,97.0,409606978.0,180592464,645004.0,Brasil
BRA,South America,Brazil,2022-03-24,29682615,657696.0,394.0,410175836.0,180653782,568858.0,Brasil
BRA,South America,Brazil,2022-03-25,29729991,657998.0,302.0,410860641.0,180726798,684805.0,Brasil
BRA,South America,Brazil,2022-03-26,29767681,658310.0,312.0,411116197.0,180757995,255556.0,Brasil
BRA,South America,Brazil,2022-03-27,29802257,658566.0,256.0,411548202.0,180800024,432005.0,Brasil
BRA,South America,Brazil,2022-03-28,29802257,658566.0,256.0,412177025.0,180881628,628823.0,Brasil
BRA,South America,Brazil,2022-03-29,29842418,658879.0,313.0,413559595.0,181078067,1382570.0,Brasil
BRA,South America,Brazil,2022-03-30,29852341,658956.0,77.0,414606124.0,181174361,1046529.0,Brasil
BRA,South America,Brazil,2022-03-31,29882397,659241.0,285.0,415350921.0,181233281,744797.0,Brasil
BRA,South America,Brazil,2022-04-01,29916334,659504.0,263.0,415350921.0,0,744797.0,Brasil
BRA,South America,Brazil,2022-04-02,29947895,659757.0,253.0,415350921.0,0,744797.0,Brasil
BRA,South America,Brazil,2022-04-03,29975165,660002.0,245.0,416625503.0,181342972,744797.0,Brasil
BRA,South America,Brazil,2022-04-04,29992227,660108.0,106.0,417150367.0,181374540,524864.0,Brasil
BRA,South America,Brazil,2022-04-05,29999437,660147.0,39.0,418081276.0,181451944,930909.0,Brasil
BRA,South America,Brazil,2022-04-06,30012798,660312.0,165.0,418988804.0,181544315,907528.0,Brasil
BRA,South America,Brazil,2022-04-07,30040129,660528.0,216.0,419669076.0,181596648,680272.0,Brasil
BRA,South America,Brazil,2022-04-08,30067249,660723.0,195.0,420411074.0,181652995,741998.0,Brasil
BRA,South America,Brazil,2022-04-09,30093751,660973.0,250.0,420841281.0,181687021,430207.0,Brasil
BRA,South America,Brazil,2022-04-10,30123963,661122.0,149.0,421028480.0,181702093,187199.0,Brasil
BRA,South America,Brazil,2022-04-11,30145192,661220.0,98.0,421634418.0,181755180,605938.0,Brasil
BRA,South America,Brazil,2022-04-12,30152402,661258.0,38.0,422368139.0,181810164,733721.0,Brasil
BRA,South America,Brazil,2022-04-13,30161205,661327.0,69.0,422804515.0,181841381,436376.0,Brasil
BRA,South America,Brazil,2022-04-14,30183929,661493.0,166.0,423594585.0,181894974,790070.0,Brasil
BRA,South America,Brazil,2022-04-15,30210853,661656.0,163.0,423594585.0,0,790070.0,Brasil
BRA,South America,Brazil,2022-04-16,30234024,661796.0,140.0,423594585.0,0,790070.0,Brasil
BRA,South America,Brazil,2022-04-17,30247302,661907.0,111.0,424058492.0,181975535,790070.0,Brasil
BRA,South America,Brazil,2022-04-18,30250077,661938.0,31.0,424403120.0,182010643,344628.0,Brasil
BRA,South America,Brazil,2022-04-19,30252618,661960.0,22.0,425301193.0,182287352,898073.0,Brasil
BRA,South America,Brazil,2022-04-20,30261088,662026.0,66.0,426002158.0,182324186,700965.0,Brasil
BRA,South America,Brazil,2022-04-21,30275219,662151.0,125.0,426445178.0,182365678,443020.0,Brasil
BRA,South America,Brazil,2022-04-22,30311969,662414.0,263.0,426445178.0,0,443020.0,Brasil
BRA,South America,Brazil,2022-04-23,30330629,662506.0,92.0,426683997.0,182395741,443020.0,Brasil
BRA,South America,Brazil,2022-04-24,30338697,662557.0,51.0,426686042.0,182395817,2045.0,Brasil
BRA,South America,Brazil,2022-04-25,30345654,662610.0,53.0,426987455.0,182426996,301413.0,Brasil
BRA,South America,Brazil,2022-04-26,30349463,662646.0,36.0,427262945.0,182455170,275490.0,Brasil
BRA,South America,Brazil,2022-04-27,30355919,662722.0,76.0,428179278.0,182519774,916333.0,Brasil
BRA,South America,Brazil,2022-04-28,30378061,662866.0,144.0,428748714.0,182563727,569436.0,Brasil
BRA,South America,Brazil,2022-04-29,30399004,663111.0,245.0,429202399.0,182599066,453685.0,Brasil
BRA,South America,Brazil,2022-04-30,30418920,663225.0,114.0,429202399.0,0,453685.0,Brasil
BRA,South America,Brazil,2022-05-01,30433042,663410.0,185.0,429613287.0,182623313,453685.0,Brasil
BRA,South America,Brazil,2022-05-02,30448236,663497.0,87.0,430000411.0,182665767,387124.0,Brasil
BRA,South America,Brazil,2022-05-03,30454499,663513.0,16.0,430435333.0,182707626,434922.0,Brasil
BRA,South America,Brazil,2022-05-04,30460997,663602.0,89.0,430951275.0,182778371,515942.0,Brasil
BRA,South America,Brazil,2022-05-05,30482429,663694.0,92.0,431278922.0,182800351,327647.0,Brasil
BRA,South America,Brazil,2022-05-06,30502501,663759.0,65.0,431859321.0,182850462,580399.0,Brasil
BRA,South America,Brazil,2022-05-07,30524183,663896.0,137.0,432025086.0,182860122,165765.0,Brasil
BRA,South America,Brazil,2022-05-08,30543908,664091.0,195.0,432134475.0,182871051,109389.0,Brasil
BRA,South America,Brazil,2022-05-09,30558530,664126.0,35.0,432354816.0,182895357,220341.0,Brasil
BRA,South America,Brazil,2022-05-10,30564536,664139.0,13.0,432639345.0,182912971,284529.0,Brasil
BRA,South America,Brazil,2022-05-11,30574245,664192.0,53.0,434019486.0,183059675,1380141.0,Brasil
BRA,South America,Brazil,2022-05-12,30594388,664390.0,198.0,435017274.0,183119662,997788.0,Brasil
BRA,South America,Brazil,2022-05-13,30617786,664516.0,126.0,435185477.0,183131850,168203.0,Brasil
BRA,South America,Brazil,2022-05-14,30639130,664641.0,125.0,435226309.0,183134052,40832.0,Brasil
BRA,South America,Brazil,2022-05-15,30664739,664780.0,139.0,435243423.0,183135100,17114.0,Brasil
BRA,South America,Brazil,2022-05-16,30682094,664872.0,92.0,435312095.0,183142928,68672.0,Brasil
BRA,South America,Brazil,2022-05-17,30688390,664918.0,46.0,435312095.0,0,68672.0,Brasil
BRA,South America,Brazil,2022-05-18,30701900,664987.0,69.0,436276886.0,183205522,68672.0,Brasil
BRA,South America,Brazil,2022-05-19,30728286,665216.0,229.0,436936651.0,183241820,659765.0,Brasil
BRA,South America,Brazil,2022-05-20,30741811,665319.0,103.0,437099610.0,183251237,162959.0,Brasil
BRA,South America,Brazil,2022-05-21,30752226,665433.0,114.0,437142038.0,183256110,42428.0,Brasil
BRA,South America,Brazil,2022-05-22,30762413,665493.0,60.0,437142038.0,0,42428.0,Brasil
BRA,South America,Brazil,2022-05-23,30778607,665528.0,35.0,437142038.0,0,42428.0,Brasil
BRA,South America,Brazil,2022-05-24,30791220,665627.0,99.0,437142038.0,0,42428.0,Brasil
BRA,South America,Brazil,2022-05-25,30803995,665666.0,39.0,437142038.0,0,42428.0,Brasil
BRA,South America,Brazil,2022-05-26,30836815,665905.0,239.0,438839760.0,183699529,42428.0,Brasil
BRA,South America,Brazil,2022-05-27,30846602,666037.0,132.0,440230116.0,183815081,1390356.0,Brasil
BRA,South America,Brazil,2022-05-28,30880512,666180.0,143.0,440558613.0,183853208,328497.0,Brasil
BRA,South America,Brazil,2022-05-29,30921145,666319.0,139.0,440647763.0,183859105,89150.0,Brasil
BRA,South America,Brazil,2022-05-30,30945384,666391.0,72.0,440887471.0,183885189,239708.0,Brasil
BRA,South America,Brazil,2022-05-31,30953579,666453.0,62.0,441054017.0,183894671,166546.0,Brasil
BRA,South America,Brazil,2022-06-01,30977661,666516.0,63.0,441279964.0,183925335,225947.0,Brasil
BRA,South America,Brazil,2022-06-02,31019038,666676.0,160.0,441279964.0,0,225947.0,Brasil
BRA,South America,Brazil,2022-06-03,31060017,666801.0,125.0,442571325.0,184018923,225947.0,Brasil
BRA,South America,Brazil,2022-06-04,31101290,666928.0,127.0,443278533.0,184062381,707208.0,Brasil
BRA,South America,Brazil,2022-06-05,31137479,666971.0,43.0,443475532.0,184077691,196999.0,Brasil
BRA,South America,Brazil,2022-06-06,31153069,666997.0,26.0,443829496.0,184091855,353964.0,Brasil
BRA,South America,Brazil,2022-06-07,31159335,667005.0,8.0,444537453.0,184130468,707957.0,Brasil
BRA,South America,Brazil,2022-06-08,31195118,667041.0,36.0,445097070.0,184150383,559617.0,Brasil
BRA,South America,Brazil,2022-06-09,31266163,667348.0,307.0,446745262.0,184254911,1648192.0,Brasil
BRA,South America,Brazil,2022-06-10,31315777,667647.0,299.0,446745262.0,0,1648192.0,Brasil
BRA,South America,Brazil,2022-06-11,31360850,667790.0,143.0,447416630.0,184281808,1648192.0,Brasil
BRA,South America,Brazil,2022-06-12,31417341,667960.0,170.0,447455088.0,184286899,38458.0,Brasil
BRA,South America,Brazil,2022-06-13,31445137,668074.0,114.0,447773835.0,184298439,318747.0,Brasil
BRA,South America,Brazil,2022-06-14,31456865,668110.0,36.0,448234610.0,184321008,460775.0,Brasil
BRA,South America,Brazil,2022-06-15,31497038,668180.0,70.0,448567375.0,184337124,332765.0,Brasil
BRA,South America,Brazil,2022-06-16,31541479,668354.0,174.0,449034484.0,184418250,467109.0,Brasil
BRA,South America,Brazil,2022-06-17,31611769,668693.0,339.0,449187010.0,184424410,152526.0,Brasil
BRA,South America,Brazil,2022-06-18,31644703,668844.0,151.0,449291596.0,184431840,104586.0,Brasil
BRA,South America,Brazil,2022-06-19,31673375,668916.0,72.0,449339384.0,184433745,47788.0,Brasil
BRA,South America,Brazil,2022-06-20,31693502,669010.0,94.0,449796728.0,184456417,457344.0,Brasil
BRA,South America,Brazil,2022-06-21,31704193,669065.0,55.0,450342490.0,184483215,545762.0,Brasil
BRA,South America,Brazil,2022-06-22,31754465,669161.0,96.0,450847767.0,184509247,505277.0,Brasil
BRA,South America,Brazil,2022-06-23,31818827,669390.0,229.0,451276207.0,184537975,428440.0,Brasil
BRA,South America,Brazil,2022-06-24,31890733,669530.0,140.0,451641403.0,184552936,365196.0,Brasil
BRA,South America,Brazil,2022-06-25,31962782,669895.0,365.0,451645589.0,184554559,4186.0,Brasil
BRA,South America,Brazil,2022-06-26,32023166,670229.0,334.0,451787907.0,184557755,142318.0,Brasil
BRA,South America,Brazil,2022-06-27,32061959,670369.0,140.0,452218476.0,184574635,430569.0,Brasil
BRA,South America,Brazil,2022-06-28,32078638,670405.0,36.0,452218476.0,0,430569.0,Brasil
BRA,South America,Brazil,2022-06-29,32130316,670532.0,127.0,454770759.0,184662547,430569.0,Brasil
BRA,South America,Brazil,2022-06-30,32206954,670848.0,316.0,454854179.0,184682893,83420.0,Brasil
BRA,South America,Brazil,2022-07-01,32282879,671125.0,277.0,455499598.0,184737131,645419.0,Brasil
BRA,South America,Brazil,2022-07-02,32358018,671416.0,291.0,455720321.0,184748472,220723.0,Brasil
BRA,South America,Brazil,2022-07-03,32434063,671700.0,284.0,456101065.0,184764593,380744.0,Brasil
BRA,South America,Brazil,2022-07-04,32471847,671858.0,158.0,456903089.0,184786423,802024.0,Brasil
BRA,South America,Brazil,2022-07-05,32490422,671911.0,53.0,457240603.0,184808029,337514.0,Brasil
BRA,South America,Brazil,2022-07-06,32535923,672033.0,122.0,457240603.0,0,337514.0,Brasil
BRA,South America,Brazil,2022-07-07,32610514,672429.0,396.0,458043955.0,184864012,337514.0,Brasil
BRA,South America,Brazil,2022-07-08,32687680,672790.0,361.0,458043955.0,0,337514.0,Brasil
BRA,South America,Brazil,2022-07-09,32759730,673073.0,283.0,458439642.0,184886392,337514.0,Brasil
BRA,South America,Brazil,2022-07-10,32830844,673339.0,266.0,458522879.0,184888876,83237.0,Brasil
BRA,South America,Brazil,2022-07-11,32874501,673554.0,215.0,459647933.0,184902655,1125054.0,Brasil
BRA,South America,Brazil,2022-07-12,32874501,673554.0,215.0,459647933.0,0,1125054.0,Brasil
BRA,South America,Brazil,2022-07-13,32940507,673758.0,204.0,460051351.0,184922668,1125054.0,Brasil
BRA,South America,Brazil,2022-07-14,33004555,674102.0,344.0,461148848.0,184951661,1097497.0,Brasil
BRA,South America,Brazil,2022-07-15,33076779,674482.0,380.0,461148848.0,0,1097497.0,Brasil
BRA,South America,Brazil,2022-07-16,33142158,674779.0,297.0,461493406.0,184973979,1097497.0,Brasil
BRA,South America,Brazil,2022-07-17,33250117,675090.0,311.0,461568115.0,184976830,74709.0,Brasil
