regiao;coduf;data;semana_epidemiologica;populacaotcu2019;casos_acumulado;casos_novos;obitos_acumulado;obitos_novos;recuperados_novos;em_acompanhamento_novos
Brasil;76;2020-02-25;9;210147125;0;0;0;0;0;0
Brasil;76;2020-02-26;9;210147125;1;1;0;0;1;0
Brasil;76;2020-02-27;9;210147125;1;0;0;0;1;0
Brasil;76;2020-02-28;9;210147125;1;0;0;0;0;1
Brasil;76;2020-02-29;9;210147125;2;1;0;0;1;1
Brasil;76;2020-03-01;10;210147125;2;0;0;0;1;1
Brasil;76;2020-03-02;10;210147125;2;0;0;0;0;2
Brasil;76;2020-03-03;10;210147125;2;0;0;0;0;2
Brasil;76;2020-03-04;10;210147125;3;1;0;0;1;2
Brasil;76;2020-03-05;10;210147125;7;4;0;0;4;3
Brasil;76;2020-03-06;10;210147125;13;6;0;0;6;7
Brasil;76;2020-03-07;10;210147125;19;6;0;0;7;12
Brasil;76;2020-03-08;11;210147125;25;6;0;0;6;19
Brasil;76;2020-03-09;11;210147125;25;0;0;0;1;24
Brasil;76;2020-03-10;11;210147125;34;9;0;0;6;28
Brasil;76;2020-03-11;11;210147125;52;18;0;0;16;36
Brasil;76;2020-03-12;11;210147125;77;25;0;0;23;54
Brasil;76;2020-03-13;11;210147125;98;21;0;0;24;74
Brasil;76;2020-03-14;11;210147125;121;23;0;0;22;99
Brasil;76;2020-03-15;12;210147125;200;79;0;0;62;138
Brasil;76;2020-03-16;12;210147125;234;34;0;0;48;186
Brasil;76;2020-03-17;12;210147125;291;57;1;1;50;240
Brasil;76;2020-03-18;12;210147125;428;137;4;3;110;314
Brasil;76;2020-03-19;12;210147125;621;193;6;2;175;440
Brasil;76;2020-03-20;12;210147125;904;283;11;5;250;643
Brasil;76;2020-03-21;12;210147125;1128;224;18;7;238;872
Brasil;76;2020-03-22;13;210147125;1546;418;25;7;348;1173
Brasil;76;2020-03-23;13;210147125;1891;345;34;9;365;1492
Brasil;76;2020-03-24;13;210147125;2201;310;46;12;317;1838
Brasil;76;2020-03-25;13;210147125;2433;232;57;11;258;2118
Brasil;76;2020-03-26;13;210147125;2915;482;77;20;402;2436
Brasil;76;2020-03-27;13;210147125;3417;502;92;15;501;2824
Brasil;76;2020-03-28;13;210147125;3903;486;114;22;500;3289
Brasil;76;2020-03-29;14;210147125;4256;353;136;22;412;3708
Brasil;76;2020-03-30;14;210147125;4579;323;159;23;363;4057
Brasil;76;2020-03-31;14;210147125;5717;1138;201;42;908;4608
Brasil;76;2020-04-01;14;210147125;6834;1117;241;40;1183;5410
Brasil;76;2020-04-02;14;210147125;7910;1076;299;58;1174;6437
Brasil;76;2020-04-03;14;210147125;9056;1146;359;60;1246;7451
Brasil;76;2020-04-04;14;210147125;10278;1222;432;73;1369;8477
Brasil;76;2020-04-05;15;210147125;11130;852;486;54;1232;9412
Brasil;76;2020-04-06;15;210147125;12056;926;553;67;1284;10219
Brasil;76;2020-04-07;15;210147125;13717;1661;667;114;1961;11089
Brasil;76;2020-04-08;15;210147125;15927;2210;800;133;2776;12351
Brasil;76;2020-04-09;15;210147125;17857;1930;941;141;3060;13856
Brasil;76;2020-04-10;15;210147125;19638;1781;1056;115;3200;15382
Brasil;76;2020-04-11;15;210147125;20727;1089;1124;68;3080;16523
Brasil;76;2020-04-12;16;210147125;22169;1442;1223;99;3365;17581
Brasil;76;2020-04-13;16;210147125;23430;1261;1328;105;3673;18429
Brasil;76;2020-04-14;16;210147125;25262;1832;1532;204;4318;19412
Brasil;76;2020-04-15;16;210147125;28320;3058;1736;204;5761;20823
Brasil;76;2020-04-16;16;210147125;30425;2105;1924;188;5975;22526
Brasil;76;2020-04-17;16;210147125;33682;3257;2141;217;6779;24762
Brasil;76;2020-04-18;16;210147125;36599;2917;2347;206;7505;26747
Brasil;76;2020-04-19;17;210147125;38654;2055;2462;115;22130;14062
Brasil;76;2020-04-20;17;210147125;40581;1927;2575;113;22991;15015
Brasil;76;2020-04-21;17;210147125;43079;2498;2741;166;24325;16013
Brasil;76;2020-04-22;17;210147125;45757;2678;2906;165;25318;17533
Brasil;76;2020-04-23;17;210147125;49492;3735;3313;407;26573;19606
Brasil;76;2020-04-24;17;210147125;52995;3503;3670;357;27655;21670
Brasil;76;2020-04-25;17;210147125;58509;5514;4016;346;29160;25333
Brasil;76;2020-04-26;18;210147125;61888;3379;4205;189;30152;27531
Brasil;76;2020-04-27;18;210147125;66501;4613;4543;338;31142;30816
Brasil;76;2020-04-28;18;210147125;71886;5385;5017;474;32544;34325
Brasil;76;2020-04-29;18;210147125;78162;6276;5466;449;34132;38564
Brasil;76;2020-04-30;18;210147125;85380;7218;5901;435;35935;43544
Brasil;76;2020-05-01;18;210147125;91299;5919;6329;428;38039;47221
Brasil;76;2020-05-02;18;210147125;96396;5097;6724;395;40937;48872
Brasil;76;2020-05-03;19;210147125;101147;4751;7025;301;42991;51131
Brasil;76;2020-05-04;19;210147125;107780;6633;7321;296;45186;55273
Brasil;76;2020-05-05;19;210147125;114715;6935;7921;600;48221;58573
Brasil;76;2020-05-06;19;210147125;125218;10503;8535;614;51370;65312
Brasil;76;2020-05-07;19;210147125;135106;9888;9146;611;55350;70610
Brasil;76;2020-05-08;19;210147125;145328;10222;9895;749;59297;76134
Brasil;76;2020-05-09;19;210147125;155939;10611;10627;732;61685;83627
Brasil;76;2020-05-10;20;210147125;162699;6760;11123;496;64957;86619
Brasil;76;2020-05-11;20;210147125;168331;5632;11519;396;67384;89429
Brasil;76;2020-05-12;20;210147125;177589;9258;12400;881;72597;92593
Brasil;76;2020-05-13;20;210147125;188974;11385;13149;749;78424;97402
Brasil;76;2020-05-14;20;210147125;202918;13944;13993;844;79479;109446
Brasil;76;2020-05-15;20;210147125;218223;15305;14817;824;84970;118436
Brasil;76;2020-05-16;20;210147125;233142;14919;15633;816;89672;127837
Brasil;76;2020-05-17;21;210147125;241080;7938;16118;485;94122;130840
Brasil;76;2020-05-18;21;210147125;254220;13140;16792;674;100459;136969
Brasil;76;2020-05-19;21;210147125;271628;17408;17971;1179;106794;146863
Brasil;76;2020-05-20;21;210147125;291579;19951;18859;888;116683;156037
Brasil;76;2020-05-21;21;210147125;310087;18508;20047;1188;125960;164080
Brasil;76;2020-05-22;21;210147125;330890;20803;21046;999;135430;174412
Brasil;76;2020-05-23;21;210147125;347398;16508;22013;967;142587;182798
Brasil;76;2020-05-24;22;210147125;363211;15813;22666;653;149911;190634
Brasil;76;2020-05-25;22;210147125;374898;11687;23473;807;153833;197592
Brasil;76;2020-05-26;22;210147125;391222;16324;24512;1039;158593;208117
Brasil;76;2020-05-27;22;210147125;411821;20599;25598;1086;166647;219576
Brasil;76;2020-05-28;22;210147125;438238;26417;26754;1156;177604;233880
Brasil;76;2020-05-29;22;210147125;465166;26928;27878;1124;189476;247812
Brasil;76;2020-05-30;22;210147125;498440;33274;28834;956;200892;268714
Brasil;76;2020-05-31;23;210147125;514200;15760;29314;480;206555;278331
Brasil;76;2020-06-01;23;210147125;526447;12247;29937;623;211080;285430
Brasil;76;2020-06-02;23;210147125;555383;28936;31199;1262;223638;300546
Brasil;76;2020-06-03;23;210147125;584016;28633;32548;1349;238617;312851
Brasil;76;2020-06-04;23;210147125;614941;30925;34021;1473;254963;325957
Brasil;76;2020-06-05;23;210147125;645771;30830;35026;1005;266940;343805
Brasil;76;2020-06-06;23;210147125;672846;27075;35930;904;277149;359767
Brasil;76;2020-06-07;24;210147125;691758;18912;36455;525;283952;371351
Brasil;76;2020-06-08;24;210147125;707412;15654;37134;679;290040;380238
Brasil;76;2020-06-09;24;210147125;739503;32091;38406;1272;311064;390033
Brasil;76;2020-06-10;24;210147125;772416;32913;39680;1274;325395;407341
Brasil;76;2020-06-11;24;210147125;802828;30412;40919;1239;345595;416314
Brasil;76;2020-06-12;24;210147125;828810;25982;41828;909;365063;421919
Brasil;76;2020-06-13;24;210147125;850514;21704;42720;892;379245;428549
Brasil;76;2020-06-14;25;210147125;867624;17110;43332;612;388492;435800
Brasil;76;2020-06-15;25;210147125;888271;20647;43959;627;412252;432060
Brasil;76;2020-06-16;25;210147125;923189;34918;45241;1282;441729;436219
Brasil;76;2020-06-17;25;210147125;955377;32188;46510;1269;463474;445393
Brasil;76;2020-06-18;25;210147125;978142;22765;47748;1238;482102;448292
Brasil;76;2020-06-19;25;210147125;1032913;54771;48954;1206;507200;476759
Brasil;76;2020-06-20;25;210147125;1067579;34666;49976;1022;520734;496869
Brasil;76;2020-06-21;26;210147125;1085038;17459;50617;641;549386;485035
Brasil;76;2020-06-22;26;210147125;1106470;21432;51271;654;571649;483550
Brasil;76;2020-06-23;26;210147125;1145906;39436;52645;1374;613345;479916
Brasil;76;2020-06-24;26;210147125;1188631;42725;53830;1185;649908;484893
Brasil;76;2020-06-25;26;210147125;1228114;39483;54971;1141;673729;499414
Brasil;76;2020-06-26;26;210147125;1274974;46860;55961;990;697526;521487
Brasil;76;2020-06-27;26;210147125;1313667;38693;57070;1109;715905;540692
Brasil;76;2020-06-28;27;210147125;1344143;30476;57622;552;733848;552673
Brasil;76;2020-06-29;27;210147125;1368195;24052;58314;692;757462;552419
Brasil;76;2020-06-30;27;210147125;1402041;33846;59594;1280;790040;552407
Brasil;76;2020-07-01;27;210147125;1448753;46712;60632;1038;826866;561255
Brasil;76;2020-07-02;27;210147125;1496858;48105;61884;1252;852816;582158
Brasil;76;2020-07-03;27;210147125;1539081;42223;63174;1290;868372;607535
Brasil;76;2020-07-04;27;210147125;1577004;37923;64265;1091;876359;636380
Brasil;76;2020-07-05;28;210147125;1603055;26051;64867;602;906286;631902
Brasil;76;2020-07-06;28;210147125;1623284;20229;65487;620;927292;630505
Brasil;76;2020-07-07;28;210147125;1668589;45305;66741;1254;976977;624871
Brasil;76;2020-07-08;28;210147125;1713160;44571;67964;1223;1020901;624295
Brasil;76;2020-07-09;28;210147125;1755779;42619;69184;1220;1054043;632552
Brasil;76;2020-07-10;28;210147125;1800827;45048;70398;1214;1078763;651666
Brasil;76;2020-07-11;28;210147125;1839850;39023;71469;1071;1100873;667508
Brasil;76;2020-07-12;29;210147125;1864681;24831;72100;631;1123204;669377
Brasil;76;2020-07-13;29;210147125;1884967;20286;72833;733;1154837;657297
Brasil;76;2020-07-14;29;210147125;1926824;41857;74133;1300;1209208;643483
Brasil;76;2020-07-15;29;210147125;1966748;39924;75366;1233;1255564;635818
Brasil;76;2020-07-16;29;210147125;2012151;45403;76688;1322;1296328;639135
Brasil;76;2020-07-17;29;210147125;2046328;34177;77851;1163;1321036;647441
Brasil;76;2020-07-18;29;210147125;2074860;28532;78772;921;1342362;653726
Brasil;76;2020-07-19;30;210147125;2098389;23529;79488;716;1371229;647672
Brasil;76;2020-07-20;30;210147125;2118646;20257;80120;632;1409202;629324
Brasil;76;2020-07-21;30;210147125;2159654;41008;81487;1367;1465970;612197
Brasil;76;2020-07-22;30;210147125;2227514;67860;82771;1284;1532138;612605
Brasil;76;2020-07-23;30;210147125;2287475;59961;84082;1311;1570237;633156
Brasil;76;2020-07-24;30;210147125;2343366;55891;85238;1156;1592281;665847
Brasil;76;2020-07-25;30;210147125;2394513;51147;86449;1211;1617480;690584
Brasil;76;2020-07-26;31;210147125;2419091;24578;87004;555;1634274;697813
Brasil;76;2020-07-27;31;210147125;2442375;23284;87618;614;1667667;687090
Brasil;76;2020-07-28;31;210147125;2483191;40816;88539;921;1721560;673092
Brasil;76;2020-07-29;31;210147125;2552265;69074;90134;1595;1786753;675378
Brasil;76;2020-07-30;31;210147125;2610102;57837;91263;1129;1824095;694744
Brasil;76;2020-07-31;31;210147125;2662485;52383;92475;1212;1844051;725959
Brasil;76;2020-08-01;31;210147125;2707877;45392;93563;1088;1865729;748585
Brasil;76;2020-08-02;32;210147125;2733677;25800;94104;541;1883677;755896
Brasil;76;2020-08-03;32;210147125;2750318;16641;94665;561;1912319;743334
Brasil;76;2020-08-04;32;210147125;2801921;51603;95819;1154;1970767;735335
Brasil;76;2020-08-05;32;210147125;2857597;55676;97240;1421;2020637;741180
Brasil;76;2020-08-06;32;210147125;2912212;54615;98493;1253;2080916;781954
Brasil;76;2020-08-07;32;210147125;2962442;50230;99572;1079;2068394;794476
Brasil;76;2020-08-08;32;210147125;3012412;49970;100477;905;2094293;817642
Brasil;76;2020-08-09;33;210147125;3035422;23010;101049;572;2118460;815913
Brasil;76;2020-08-10;33;210147125;3057470;22048;101752;703;2163812;791906
Brasil;76;2020-08-11;33;210147125;3109630;52160;103026;1274;2243124;763480
Brasil;76;2020-08-12;33;210147125;3164785;55155;104201;1175;2309477;751107
Brasil;76;2020-08-13;33;210147125;3224876;60091;105463;1262;2356640;762773
Brasil;76;2020-08-14;33;210147125;3275520;50644;106523;1060;2384302;784695
Brasil;76;2020-08-15;33;210147125;3317096;41576;107232;709;2404272;805592
Brasil;76;2020-08-16;34;210147125;3340197;23101;107852;620;2432456;799889
Brasil;76;2020-08-17;34;210147125;3359570;19373;108536;684;2478494;772540
Brasil;76;2020-08-18;34;210147125;3407354;47784;109888;1352;2554179;743287
Brasil;76;2020-08-19;34;210147125;3456652;49298;111100;1212;2615254;730298
Brasil;76;2020-08-20;34;210147125;3501975;45323;112304;1204;2653407;736264
Brasil;76;2020-08-21;34;210147125;3532330;30355;113358;1054;2670755;748217
Brasil;76;2020-08-22;34;210147125;3582362;50032;114250;892;2709638;758474
Brasil;76;2020-08-23;35;210147125;3605783;23421;114744;494;2739035;752004
Brasil;76;2020-08-24;35;210147125;3622861;17078;115309;565;2778709;728843
Brasil;76;2020-08-25;35;210147125;3669995;47134;116580;1271;2848395;705020
Brasil;76;2020-08-26;35;210147125;3717156;47161;117665;1085;2908848;690642
Brasil;76;2020-08-27;35;210147125;3761391;44235;118649;984;2947250;695492
Brasil;76;2020-08-28;35;210147125;3804803;43412;119504;855;2976796;708503
Brasil;76;2020-08-29;35;210147125;3846153;41350;120462;958;3006679;719012
Brasil;76;2020-08-30;36;210147125;3862311;16158;120828;366;3031626;709857
Brasil;76;2020-08-31;36;210147125;3908272;45961;121381;553;3097734;689157
Brasil;76;2020-09-01;36;210147125;3950931;42659;122596;1215;3159096;669239
Brasil;76;2020-09-02;36;210147125;3997865;46934;123780;1184;3210405;663680
Brasil;76;2020-09-03;36;210147125;4041638;43773;124614;834;3247610;669414
Brasil;76;2020-09-04;36;210147125;4092832;51194;125521;907;3278918;688393
Brasil;76;2020-09-05;36;210147125;4123000;30168;126203;682;3296702;700095
Brasil;76;2020-09-06;37;210147125;4137521;14521;126650;447;3317227;693644
Brasil;76;2020-09-07;37;210147125;4147794;10273;126960;310;3355564;665270
Brasil;76;2020-09-08;37;210147125;4162073;14279;127464;504;3397234;637375
Brasil;76;2020-09-09;37;210147125;4197889;35816;128539;1075;3453336;616014
Brasil;76;2020-09-10;37;210147125;4238446;40557;129522;983;3497337;611587
Brasil;76;2020-09-11;37;210147125;4282164;43718;130396;874;3530655;621113
Brasil;76;2020-09-12;37;210147125;4315687;33523;131210;814;3553421;631056
Brasil;76;2020-09-13;38;210147125;4330455;14768;131625;415;3573958;624872
Brasil;76;2020-09-14;38;210147125;4345610;15155;132006;381;3613184;600420
Brasil;76;2020-09-15;38;210147125;4382263;36653;133119;1113;3671128;578016
Brasil;76;2020-09-16;38;210147125;4419083;36820;134106;987;3720312;564665
Brasil;76;2020-09-17;38;210147125;4455386;36303;134935;829;3753082;567369
Brasil;76;2020-09-18;38;210147125;4495183;39797;135793;858;3789139;570251
Brasil;76;2020-09-19;38;210147125;4528240;33057;136532;739;3820095;571613
Brasil;76;2020-09-20;39;210147125;4544629;16389;136895;363;3851227;556507
Brasil;76;2020-09-21;39;210147125;4558068;13439;137272;377;3887199;533597
Brasil;76;2020-09-22;39;210147125;4591604;33536;138108;836;3945627;507869
Brasil;76;2020-09-23;39;210147125;4624885;33281;138977;869;3992886;493022
Brasil;76;2020-09-24;39;210147125;4657702;32817;139808;831;4023789;494105
Brasil;76;2020-09-25;39;210147125;4689613;31911;140537;729;4040949;508127
Brasil;76;2020-09-26;39;210147125;4717991;28378;141406;869;4050837;525748
Brasil;76;2020-09-27;40;210147125;4732309;14318;141741;335;4060088;530480
Brasil;76;2020-09-28;40;210147125;4745464;13155;142058;317;4084182;519224
Brasil;76;2020-09-29;40;210147125;4777522;32058;142921;863;4135088;499513
Brasil;76;2020-09-30;40;210147125;4810935;33413;143952;1031;4180376;486607
Brasil;76;2020-10-01;40;210147125;4847092;36157;144680;728;4212772;489640
Brasil;76;2020-10-02;40;210147125;4880523;33431;145388;708;4232593;502542
Brasil;76;2020-10-03;40;210147125;4906833;26310;145987;599;4248574;512272
Brasil;76;2020-10-04;41;210147125;4915289;8456;146352;365;4263208;505729
Brasil;76;2020-10-05;41;210147125;4927235;11946;146675;323;4295302;485258
Brasil;76;2020-10-06;41;210147125;4969141;41906;147494;819;4352871;468776
Brasil;76;2020-10-07;41;210147125;5000694;31553;148228;734;4391424;461042
Brasil;76;2020-10-08;41;210147125;5028444;27750;148957;729;4414564;464923
Brasil;76;2020-10-09;41;210147125;5055888;27444;149639;682;4433595;472654
Brasil;76;2020-10-10;41;210147125;5082637;26749;150198;559;4453722;478717
Brasil;76;2020-10-11;42;210147125;5094979;12342;150488;290;4470163;474328
Brasil;76;2020-10-12;42;210147125;5103408;8429;150689;201;4495269;457450
Brasil;76;2020-10-13;42;210147125;5113628;10220;150998;309;4526975;435655
Brasil;76;2020-10-14;42;210147125;5140863;27235;151747;749;4568813;420303
Brasil;76;2020-10-15;42;210147125;5169386;28523;152460;713;4599446;417480
Brasil;76;2020-10-16;42;210147125;5200300;30914;153214;754;4619560;427526
Brasil;76;2020-10-17;42;210147125;5224362;24062;153675;461;4635315;435372
Brasil;76;2020-10-18;43;210147125;5235344;10982;153905;230;4650030;431409
Brasil;76;2020-10-19;43;210147125;5250727;15383;154176;271;4681659;414892
Brasil;76;2020-10-20;43;210147125;5273954;23227;154837;661;4721593;397524
Brasil;76;2020-10-21;43;210147125;5298772;24818;155403;566;4756489;386880
Brasil;76;2020-10-22;43;210147125;5323630;24858;155900;497;4779295;388435
Brasil;76;2020-10-23;43;210147125;5353656;30026;156471;571;4797872;399313
Brasil;76;2020-10-24;43;210147125;5380635;26979;156903;432;4817898;405834
Brasil;76;2020-10-25;44;210147125;5394128;13493;157134;231;4835915;401079
Brasil;76;2020-10-26;44;210147125;5409854;15726;157397;263;4865930;386527
Brasil;76;2020-10-27;44;210147125;5439641;29787;157946;549;4904046;377649
Brasil;76;2020-10-28;44;210147125;5468270;28629;158456;510;4934548;375266
Brasil;76;2020-10-29;44;210147125;5494376;26106;158969;513;4954159;381248
Brasil;76;2020-10-30;44;210147125;5516658;22282;159477;508;4966264;390917
Brasil;76;2020-10-31;44;210147125;5535605;18947;159884;407;4972898;402823
Brasil;76;2020-11-01;45;210147125;5545705;10100;160074;190;4980942;404689
Brasil;76;2020-11-02;45;210147125;5554206;8501;160253;179;4998408;395545
Brasil;76;2020-11-03;45;210147125;5566049;11843;160496;243;5028216;377337
Brasil;76;2020-11-04;45;210147125;5590025;23976;161106;610;5064344;364575
Brasil;76;2020-11-05;45;210147125;5612319;22294;161736;630;5088635;361948
Brasil;76;2020-11-06;45;210147125;5633747;21428;162038;302;5104195;367514
Brasil;76;2020-11-07;45;210147125;5653561;19814;162269;231;5119132;372160
Brasil;76;2020-11-08;46;210147125;5664115;10554;162397;128;5133155;368563
Brasil;76;2020-11-09;46;210147125;5675032;10917;162628;231;5154005;358399
Brasil;76;2020-11-10;46;210147125;5700044;25012;162829;201;5189529;347686
Brasil;76;2020-11-11;46;210147125;5748375;48331;163373;544;5236345;348657
Brasil;76;2020-11-12;46;210147125;5781582;33207;164281;908;5256767;360534
Brasil;76;2020-11-13;46;210147125;5810652;29070;164737;456;5267567;378348
Brasil;76;2020-11-14;46;210147125;5848959;38307;165658;921;5291511;391790
Brasil;76;2020-11-15;47;210147125;5863093;14134;165798;140;5303114;394181
Brasil;76;2020-11-16;47;210147125;5876464;13371;166014;216;5322406;388044
Brasil;76;2020-11-17;47;210147125;5911758;35294;166699;685;5361592;383467
Brasil;76;2020-11-18;47;210147125;5945849;34091;167455;756;5389863;388531
Brasil;76;2020-11-19;47;210147125;5981767;35918;168061;606;5407498;406208
Brasil;76;2020-11-20;47;210147125;6020164;38397;168613;552;5422102;429449
Brasil;76;2020-11-21;47;210147125;6052786;32622;168989;376;5429158;454639
Brasil;76;2020-11-22;48;210147125;6071401;18615;169183;194;5432505;469713
Brasil;76;2020-11-23;48;210147125;6087608;16207;169485;302;5445095;473028
Brasil;76;2020-11-24;48;210147125;6118708;31100;170115;630;5476018;472575
Brasil;76;2020-11-25;48;210147125;6166606;47898;170769;654;5512847;482990
Brasil;76;2020-11-26;48;210147125;6204220;37614;171460;691;5528599;504161
Brasil;76;2020-11-27;48;210147125;6238350;34130;171974;514;5536524;529852
Brasil;76;2020-11-28;48;210147125;6290272;51922;172561;587;5562539;555172
Brasil;76;2020-11-29;49;210147125;6314740;24468;172833;272;5578118;563789
Brasil;76;2020-11-30;49;210147125;6335878;21138;173120;287;5601804;560954
Brasil;76;2020-12-01;49;210147125;6386787;50909;173817;697;5656498;556472
Brasil;76;2020-12-02;49;210147125;6436650;49863;174515;698;5698353;563782
Brasil;76;2020-12-03;49;210147125;6487084;50434;175270;755;5725010;586804
Brasil;76;2020-12-04;49;210147125;6533968;46884;175964;694;5744369;613635
Brasil;76;2020-12-05;49;210147125;6577177;43209;176628;664;5761363;639186
Brasil;76;2020-12-06;50;210147125;6603540;26363;176941;313;5776182;650417
Brasil;76;2020-12-07;50;210147125;6623911;20371;177317;376;5801067;645527
Brasil;76;2020-12-08;50;210147125;6674999;51088;178159;842;5854709;642131
Brasil;76;2020-12-09;50;210147125;6728452;53453;178995;836;5901511;647946
Brasil;76;2020-12-10;50;210147125;6781799;53347;179765;770;5931777;670257
Brasil;76;2020-12-11;50;210147125;6836227;54428;180437;672;5954745;701045
Brasil;76;2020-12-12;50;210147125;6880127;43900;181123;686;5969706;729298
Brasil;76;2020-12-13;51;210147125;6901952;21825;181402;279;5982953;737597
Brasil;76;2020-12-14;51;210147125;6927145;25193;181835;433;6016085;729225
Brasil;76;2020-12-15;51;210147125;6970034;42889;182799;964;6067862;719373
Brasil;76;2020-12-16;51;210147125;7040608;70574;183735;936;6132683;724190
Brasil;76;2020-12-17;51;210147125;7110434;69826;184827;1092;6177702;747905
Brasil;76;2020-12-18;51;210147125;7162978;52544;185650;823;6198185;779143
Brasil;76;2020-12-19;51;210147125;7213155;50177;186356;706;6222764;804035
Brasil;76;2020-12-20;52;210147125;7238600;25445;186764;408;6245801;806035
Brasil;76;2020-12-21;52;210147125;7263619;25019;187291;527;6286980;789348
Brasil;76;2020-12-22;52;210147125;7318821;55202;188259;968;6354972;775590
Brasil;76;2020-12-23;52;210147125;7365517;46696;189220;961;6405356;770941
Brasil;76;2020-12-24;52;210147125;7425593;60076;190006;786;6448740;785223
Brasil;76;2020-12-25;52;210147125;7448560;22967;190488;482;6449822;785765
Brasil;76;2020-12-26;52;210147125;7465806;17246;190795;307;6459335;798737
Brasil;76;2020-12-27;53;210147125;7484285;18479;191139;344;6475466;799545
Brasil;76;2020-12-28;53;210147125;7504833;20548;191570;431;6515370;777776
Brasil;76;2020-12-29;53;210147125;7563551;58718;192681;1111;6568898;744365
Brasil;76;2020-12-30;53;210147125;7619200;55649;193875;1194;6647538;723332
Brasil;76;2020-12-31;53;210147125;7675973;56773;194949;1074;6707781;717544
Brasil;76;2021-01-01;53;210147125;7700578;24605;195411;462;6747065;733959
Brasil;76;2021-01-02;53;210147125;7716405;15827;195725;314;6756284;748883
Brasil;76;2021-01-03;1;210147125;7733746;17341;196018;293;6769420;751260
Brasil;76;2021-01-04;1;210147125;7753752;20006;196561;543;6813008;724720
Brasil;76;2021-01-05;1;210147125;7810400;56648;197732;1171;6875230;681961
Brasil;76;2021-01-06;1;210147125;7873830;63430;198974;1242;6963407;649261
Brasil;76;2021-01-07;1;210147125;7961673;87843;200498;1524;7036530;638326
Brasil;76;2021-01-08;1;210147125;8013708;52035;201460;962;7096931;664244
Brasil;76;2021-01-09;1;210147125;8075998;62290;202631;1171;7114474;697774
Brasil;76;2021-01-10;2;210147125;8105790;29792;203100;469;7144011;729356
Brasil;76;2021-01-11;2;210147125;8131612;25822;203580;480;7167651;735039
Brasil;76;2021-01-12;2;210147125;8195637;64025;204690;1110;7207483;720549
Brasil;76;2021-01-13;2;210147125;8256536;60899;205964;1274;7273707;717240
Brasil;76;2021-01-14;2;210147125;8324294;67758;207095;1131;7277195;713752
Brasil;76;2021-01-15;2;210147125;8393492;69198;208246;1151;7316944;733628
Brasil;76;2021-01-16;2;210147125;8455059;61567;209296;1050;7339703;777496
Brasil;76;2021-01-17;3;210147125;8488099;33040;209847;551;7361379;823867
Brasil;76;2021-01-18;3;210147125;8511770;23671;210299;452;7388784;856979
Brasil;76;2021-01-19;3;210147125;8573864;62094;211491;1192;7411654;866598
Brasil;76;2021-01-20;3;210147125;8638249;64385;212831;1340;7452047;849424
Brasil;76;2021-01-21;3;210147125;8697368;59119;214147;1316;7518846;843527
Brasil;76;2021-01-22;3;210147125;8753920;56552;215243;1096;7564622;860796
Brasil;76;2021-01-23;3;210147125;8816254;62334;216445;1202;7580741;902480
Brasil;76;2021-01-24;4;210147125;8844577;28323;217037;592;7594771;943906
Brasil;76;2021-01-25;4;210147125;8871393;26816;217664;627;7628438;971371
Brasil;76;2021-01-26;4;210147125;8933356;61963;218878;1214;7653770;973770
Brasil;76;2021-01-27;4;210147125;8996876;63520;220161;1283;7709602;944127
Brasil;76;2021-01-28;4;210147125;9058687;61811;221547;1386;7798655;915823
Brasil;76;2021-01-29;4;210147125;9118513;59826;222666;1119;7877337;899378
Brasil;76;2021-01-30;4;210147125;9176975;58462;223945;1279;7923794;913346
Brasil;76;2021-01-31;5;210147125;9204731;27756;224504;559;7960643;935204
Brasil;76;2021-02-01;5;210147125;9229322;24591;225099;595;7998246;954784
Brasil;76;2021-02-02;5;210147125;9283418;54096;226309;1210;8027042;953185
Brasil;76;2021-02-03;5;210147125;9339420;56002;227563;1254;8077967;926256
Brasil;76;2021-02-04;5;210147125;9396293;56873;228795;1232;8160929;896180
Brasil;76;2021-02-05;5;210147125;9447165;50872;230034;1239;8236864;874993
Brasil;76;2021-02-06;5;210147125;9497795;50630;231012;978;8291763;875735
Brasil;76;2021-02-07;6;210147125;9524640;26845;231534;522;8326798;890333
Brasil;76;2021-02-08;6;210147125;9548079;23439;232170;636;8363677;903106
Brasil;76;2021-02-09;6;210147125;9599565;51486;233520;1350;8397187;895919
Brasil;76;2021-02-10;6;210147125;9659167;59602;234850;1330;8447645;868264
Brasil;76;2021-02-11;6;210147125;9713909;54742;236201;1351;8523462;842583
Brasil;76;2021-02-12;6;210147125;9765455;51546;237489;1288;8596130;828187
Brasil;76;2021-02-13;6;210147125;9809754;44299;238532;1043;8643693;834015
Brasil;76;2021-02-14;7;210147125;9834513;24759;239245;713;8678327;849639
Brasil;76;2021-02-15;7;210147125;9866710;32197;239773;528;8710840;860382
Brasil;76;2021-02-16;7;210147125;9921981;55271;240940;1167;8745424;849844
Brasil;76;2021-02-17;7;210147125;9978747;56766;242090;1150;8805239;821698
Brasil;76;2021-02-18;7;210147125;10030626;51879;243457;1367;8883191;797850
Brasil;76;2021-02-19;7;210147125;10081676;51050;244765;1308;8950450;786207
Brasil;76;2021-02-20;7;210147125;10139148;57472;245977;1212;8995246;791923
Brasil;76;2021-02-21;8;210147125;10168174;29026;246504;527;9029159;807752
Brasil;76;2021-02-22;8;210147125;10195160;26986;247143;639;9067939;825232
Brasil;76;2021-02-23;8;210147125;10257875;62715;248529;1386;9095483;826187
Brasil;76;2021-02-24;8;210147125;10324463;66588;249957;1428;9139215;808802
Brasil;76;2021-02-25;8;210147125;10390461;65998;251498;1541;9215164;794182
Brasil;76;2021-02-26;8;210147125;10455630;65169;252835;1337;9281018;793488
Brasil;76;2021-02-27;8;210147125;10517232;61602;254221;1386;9323696;815267
Brasil;76;2021-02-28;9;210147125;10551259;34027;254942;721;9386440;876571
Brasil;76;2021-03-01;9;210147125;10587001;35742;255720;778;9411033;885284
Brasil;76;2021-03-02;9;210147125;10646926;59925;257361;1641;9457100;874181
Brasil;76;2021-03-03;9;210147125;10718630;71704;259271;1910;9527173;862392
Brasil;76;2021-03-04;9;210147125;10793732;75102;260970;1699;9591590;867769
Brasil;76;2021-03-05;9;210147125;10869227;75495;262770;1800;9637020;895742
Brasil;76;2021-03-06;9;210147125;10938836;69609;264325;1555;9671410;935047
Brasil;76;2021-03-07;10;210147125;11019344;80508;265411;1086;9704351;970160
Brasil;76;2021-03-08;10;210147125;11051665;32321;266398;987;9757178;996755
Brasil;76;2021-03-09;10;210147125;11122429;70764;268370;1972;9782320;1002947
Brasil;76;2021-03-10;10;210147125;11202305;79876;270656;2286;9843218;1010841
Brasil;76;2021-03-11;10;210147125;11277717;75412;272889;2233;9913739;1017910
Brasil;76;2021-03-12;10;210147125;11363380;85663;275105;2216;9958566;1046262
Brasil;76;2021-03-13;10;210147125;11439558;76178;277102;1997;10000980;1087295
Brasil;76;2021-03-14;11;210147125;11483370;43812;278229;1127;10036947;1125509
Brasil;76;2021-03-15;11;210147125;11519609;36239;279286;1057;10063808;1141333
Brasil;76;2021-03-16;11;210147125;11603535;83926;282127;2841;10111954;1128369
Brasil;76;2021-03-17;11;210147125;11693838;90303;284775;2648;10204541;1116867
Brasil;76;2021-03-18;11;210147125;11780820;86982;287499;2724;10287057;1122006
Brasil;76;2021-03-19;11;210147125;11871390;90570;290314;2815;10339432;1153889
Brasil;76;2021-03-20;11;210147125;11950459;79069;292752;2438;10383460;1197616
Brasil;76;2021-03-21;12;210147125;11998233;47774;294042;1290;10419393;1238314
Brasil;76;2021-03-22;12;210147125;12047526;49293;295425;1383;10449933;1254258
Brasil;76;2021-03-23;12;210147125;12130019;82493;298676;3251;10507995;1244106
Brasil;76;2021-03-24;12;210147125;12220011;89992;300685;2009;10601658;1229685
Brasil;76;2021-03-25;12;210147125;12320169;100158;303462;2777;10689646;1229680
Brasil;76;2021-03-26;12;210147125;12404414;84245;307112;3650;10772549;1244158
Brasil;76;2021-03-27;12;210147125;12490362;85948;310550;3438;10824095;1273207
Brasil;76;2021-03-28;13;210147125;12534688;44326;312206;1656;10879627;1300185
Brasil;76;2021-03-29;13;210147125;12573615;38927;313866;1660;10912941;1309541
Brasil;76;2021-03-30;13;210147125;12658109;84494;317646;3780;10969247;1290502
Brasil;76;2021-03-31;13;210147125;12748747;90638;321515;3869;11074483;1265980
Brasil;76;2021-04-01;13;210147125;12839844;91097;325284;3769;11169937;1257295
Brasil;76;2021-04-02;13;210147125;12910082;70238;328206;2922;11239099;1275461
Brasil;76;2021-04-03;13;210147125;12953597;43515;330193;1987;11276628;1305248
Brasil;76;2021-04-04;14;210147125;12984956;31359;331433;1240;11305746;1317658
Brasil;76;2021-04-05;14;210147125;13013601;28645;332752;1319;11357521;1296002
Brasil;76;2021-04-06;14;210147125;13100580;86979;336947;4195;11436189;1244660
Brasil;76;2021-04-07;14;210147125;13193205;92625;340776;3829;11558784;1204849
Brasil;76;2021-04-08;14;210147125;13279857;86652;345025;4249;11664158;1188271
Brasil;76;2021-04-09;14;210147125;13373174;93317;348718;3693;11732193;1202639
Brasil;76;2021-04-10;14;210147125;13445006;71832;351334;2616;11791885;1232571
Brasil;76;2021-04-11;15;210147125;13482023;37017;353137;1803;11838564;1255108
Brasil;76;2021-04-12;15;210147125;13517808;35785;354617;1480;11880803;1248083
Brasil;76;2021-04-13;15;210147125;13599994;82186;358425;3808;11957068;1206123
Brasil;76;2021-04-14;15;210147125;13673507;73513;361884;3459;12074798;1166771
Brasil;76;2021-04-15;15;210147125;13746681;73174;365444;3560;12170771;1140852
Brasil;76;2021-04-16;15;210147125;13832455;85774;368749;3305;12236295;1144942
Brasil;76;2021-04-17;15;210147125;13900091;67636;371678;2929;12298863;1164843
Brasil;76;2021-04-18;16;210147125;13943071;42980;373335;1657;12344861;1183552
Brasil;76;2021-04-19;16;210147125;13973695;30624;374682;1347;12391599;1178137
Brasil;76;2021-04-20;16;210147125;14043076;69381;378003;3321;12460712;1138301
Brasil;76;2021-04-21;16;210147125;14122795;79719;381475;3472;12561689;1103384
Brasil;76;2021-04-22;16;210147125;14167973;45178;383502;2027;12646132;1095188
Brasil;76;2021-04-23;16;210147125;14237078;69105;386416;2914;12673785;1110686
Brasil;76;2021-04-24;16;210147125;14308215;71137;389492;3076;12711103;1139559
Brasil;76;2021-04-25;17;210147125;14340787;32572;390797;1305;12766772;1151951
Brasil;76;2021-04-26;17;210147125;14369423;28636;391936;1139;12809169;1140821
Brasil;76;2021-04-27;17;210147125;14441563;72140;395022;3086;12879051;1098436
Brasil;76;2021-04-28;17;210147125;14521289;79726;398185;3163;12992442;1054099
Brasil;76;2021-04-29;17;210147125;14590678;69389;401186;3001;13091714;1031390
Brasil;76;2021-04-30;17;210147125;14659011;68333;403781;2595;13152118;1037374
Brasil;76;2021-05-01;17;210147125;14725975;66964;406437;2656;13194538;1060692
Brasil;76;2021-05-02;18;210147125;14754910;28935;407639;1202;13242665;1076873
Brasil;76;2021-05-03;18;210147125;14779529;24619;408622;983;13278718;1068553
Brasil;76;2021-05-04;18;210147125;14856888;77359;411588;2966;13336476;1034431
Brasil;76;2021-05-05;18;210147125;14930183;73295;414399;2811;13442996;1002304
Brasil;76;2021-05-06;18;210147125;15003563;73380;416949;2550;13529572;986212
Brasil;76;2021-05-07;18;210147125;15082449;78886;419114;2165;13591335;995279
Brasil;76;2021-05-08;18;210147125;15145879;63430;421316;2202;13640478;1022857
Brasil;76;2021-05-09;19;210147125;15184790;38911;422340;1024;13677668;1046895
Brasil;76;2021-05-10;19;210147125;15209990;25200;423229;889;13714135;1048315
Brasil;76;2021-05-11;19;210147125;15282705;72715;425540;2311;13759125;1027636
Brasil;76;2021-05-12;19;210147125;15359397;76692;428034;2494;13847191;1009974
Brasil;76;2021-05-13;19;210147125;15433989;74592;430417;2383;13924217;1007146
Brasil;76;2021-05-14;19;210147125;15519525;85536;432628;2211;13979329;1024243
Brasil;76;2021-05-15;19;210147125;15586534;67009;434715;2087;14028355;1058542
Brasil;76;2021-05-16;20;210147125;15627475;40941;435751;1036;14062396;1089423
Brasil;76;2021-05-17;20;210147125;15657391;29916;436537;786;14097287;1094437
Brasil;76;2021-05-18;20;210147125;15732836;75445;439050;2513;14152433;1068421
Brasil;76;2021-05-19;20;210147125;15812055;79219;441691;2641;14247609;1046177
Brasil;76;2021-05-20;20;210147125;15894094;82039;444094;2403;14330118;1040246
Brasil;76;2021-05-21;20;210147125;15970949;76855;446309;2215;14385962;1064038
Brasil;76;2021-05-22;20;210147125;16047439;76490;448208;1899;14422209;1102431
Brasil;76;2021-05-23;21;210147125;16083258;35819;449068;860;14462432;1136799
Brasil;76;2021-05-24;21;210147125;16120756;37498;449858;790;14492167;1142023
Brasil;76;2021-05-25;21;210147125;16194209;73453;452031;2173;14552024;1118874
Brasil;76;2021-05-26;21;210147125;16274695;80486;454429;2398;14648332;1093846
Brasil;76;2021-05-27;21;210147125;16342162;67467;456674;2245;14733987;1086279
Brasil;76;2021-05-28;21;210147125;16391930;49768;459045;2371;14786292;1099196
Brasil;76;2021-05-29;21;210147125;16471600;79670;461057;2012;14811266;1121619
Brasil;76;2021-05-30;22;210147125;16515120;43520;461931;874;14869696;1140847
Brasil;76;2021-05-31;22;210147125;16545554;30434;462791;860;14912744;1140445
Brasil;76;2021-06-01;22;210147125;16624480;78926;465199;2408;14964631;1118132
Brasil;76;2021-06-02;22;210147125;16720081;95601;467706;2507;15068146;1091135
Brasil;76;2021-06-03;22;210147125;16803472;83391;469388;1682;15168330;1084045
Brasil;76;2021-06-04;22;210147125;16841408;37936;470842;1454;15228983;1105101
Brasil;76;2021-06-05;22;210147125;16907425;66017;472531;1689;15239692;1130874
Brasil;76;2021-06-06;23;210147125;16947062;39637;473404;873;15290500;1144394
Brasil;76;2021-06-07;23;210147125;16984218;37156;474414;1010;15342286;1131372
Brasil;76;2021-06-08;23;210147125;17037129;52911;476792;2378;15408401;1101403
Brasil;76;2021-06-09;23;210147125;17122877;85748;479515;2723;15494071;1066266
Brasil;76;2021-06-10;23;210147125;17210969;88092;482019;2504;15596816;1046546
Brasil;76;2021-06-11;23;210147125;17296118;85149;484235;2216;15670754;1058196
Brasil;76;2021-06-12;23;210147125;17374818;78700;486272;2037;15718593;1093290
Brasil;76;2021-06-13;24;210147125;17412766;37948;487401;1129;15761177;1127369
Brasil;76;2021-06-14;24;210147125;17452612;39846;488228;827;15794548;1130817
Brasil;76;2021-06-15;24;210147125;17533221;80609;490696;2468;15854264;1110120
Brasil;76;2021-06-16;24;210147125;17628588;95367;493693;2997;15944646;1097879
Brasil;76;2021-06-17;24;210147125;17702630;74042;496004;2311;16030601;1104294
Brasil;76;2021-06-18;24;210147125;17801462;98832;498499;2495;16077483;1129143
Brasil;76;2021-06-19;24;210147125;17883750;82288;500800;2301;16136968;1165995
Brasil;76;2021-06-20;25;210147125;17927928;44178;501825;1025;16183849;1199101
Brasil;76;2021-06-21;25;210147125;17966831;38903;502586;761;16220238;1205865
Brasil;76;2021-06-22;25;210147125;18054653;87822;504717;2131;16288392;1175853
Brasil;76;2021-06-23;25;210147125;18169881;115228;507109;2392;16388847;1161089
Brasil;76;2021-06-24;25;210147125;18243483;73602;509141;2032;16483635;1179137
Brasil;76;2021-06-25;25;210147125;18322760;79277;511142;2001;16511701;1222641
Brasil;76;2021-06-26;25;210147125;18386894;64134;512735;1593;16548159;1263459
Brasil;76;2021-06-27;26;210147125;18420598;33704;513474;739;16582053;1292106
Brasil;76;2021-06-28;26;210147125;18448402;27804;514092;618;16613992;1293132
Brasil;76;2021-06-29;26;210147125;18513305;64903;515985;1893;16673329;1260981
Brasil;76;2021-06-30;26;210147125;18557141;43836;518066;2081;16779136;1218184
Brasil;76;2021-07-01;26;210147125;18622304;65163;520095;2029;16858632;1180443
Brasil;76;2021-07-02;26;210147125;18687469;65165;521952;1857;16931272;1170937
Brasil;76;2021-07-03;26;210147125;18742025;54556;523587;1635;16989351;1176166
Brasil;76;2021-07-04;27;210147125;18769808;27783;524417;830;17033808;1184630
Brasil;76;2021-07-05;27;210147125;18792511;22703;525112;695;17082876;1162515
Brasil;76;2021-07-06;27;210147125;18855015;62504;526892;1780;17151673;1115726
Brasil;76;2021-07-07;27;210147125;18909037;54022;528540;1648;17262646;1065477
Brasil;76;2021-07-08;27;210147125;18962762;53725;530179;1639;17352670;1027827
Brasil;76;2021-07-09;27;210147125;19020499;57737;531688;1509;17422854;1009729
Brasil;76;2021-07-10;27;210147125;19069003;48504;532893;1205;17479277;1009534
Brasil;76;2021-07-11;28;210147125;19089940;20937;533488;595;17530369;1005741
Brasil;76;2021-07-12;28;210147125;19106971;17031;534233;745;17588312;968140
Brasil;76;2021-07-13;28;210147125;19151993;45022;535838;1605;17666654;906084
Brasil;76;2021-07-14;28;210147125;19209729;57736;537394;1556;17770617;845538
Brasil;76;2021-07-15;28;210147125;19262518;52789;538942;1548;17858633;813702
Brasil;76;2021-07-16;28;210147125;19308109;45591;540398;1456;17917189;806387
Brasil;76;2021-07-17;28;210147125;19342448;34339;541266;868;17951699;816012
Brasil;76;2021-07-18;29;210147125;19376574;34126;542214;948;17983275;817907
Brasil;76;2021-07-19;29;210147125;19391845;15271;542756;542;18023512;810848
Brasil;76;2021-07-20;29;210147125;19419437;27592;544180;1424;18067080;782009
Brasil;76;2021-07-21;29;210147125;19473954;54517;545604;1424;18124621;750636
Brasil;76;2021-07-22;29;210147125;19523711;49757;547016;1412;18206173;722177
Brasil;76;2021-07-23;29;210147125;19632443;108732;548340;1324;18331462;752641
Brasil;76;2021-07-24;29;210147125;19670534;38091;549448;1108;18340760;780326
Brasil;76;2021-07-25;30;210147125;19688663;18129;549924;476;18349436;789303
Brasil;76;2021-07-26;30;210147125;19707662;18999;550502;578;18398567;758593
Brasil;76;2021-07-27;30;210147125;19749073;41411;551835;1333;18466822;730416
Brasil;76;2021-07-28;30;210147125;19797086;48013;553179;1344;18530306;713601
Brasil;76;2021-07-29;30;210147125;19839369;42283;554497;1318;18569991;714881
Brasil;76;2021-07-30;30;210147125;19880273;40904;555460;963;18595380;729433
Brasil;76;2021-07-31;30;210147125;19917855;37582;556370;910;18619542;741943
Brasil;76;2021-08-01;31;210147125;19938358;20503;556834;464;18645993;735531
Brasil;76;2021-08-02;31;210147125;19953501;15143;557223;389;18687203;709075
Brasil;76;2021-08-03;31;210147125;19985817;32316;558432;1209;18746865;680520
Brasil;76;2021-08-04;31;210147125;20026533;40716;559607;1175;18800884;666042
Brasil;76;2021-08-05;31;210147125;20066587;40054;560706;1099;18840232;665649
Brasil;76;2021-08-06;31;210147125;20108746;42159;561762;1056;18868602;678382
Brasil;76;2021-08-07;31;210147125;20151779;43033;562752;990;18894631;694396
Brasil;76;2021-08-08;32;210147125;20165672;13893;563151;399;18907243;695278
Brasil;76;2021-08-09;32;210147125;20177757;12085;563562;411;18939051;675144
Brasil;76;2021-08-10;32;210147125;20212642;34885;564773;1211;19022724;625145
Brasil;76;2021-08-11;32;210147125;20245085;32443;565748;975;19092832;586505
Brasil;76;2021-08-12;32;210147125;20285067;39982;566896;1148;19151021;567150
Brasil;76;2021-08-13;32;210147125;20319000;33933;567862;966;19173917;577221
Brasil;76;2021-08-14;32;210147125;20350142;31142;568788;926;19195514;585840
Brasil;76;2021-08-15;33;210147125;20364099;13957;569058;270;19218630;576411
Brasil;76;2021-08-16;33;210147125;20378570;14471;569492;434;19255927;553151
Brasil;76;2021-08-17;33;210147125;20416183;37613;570598;1106;19313546;532039
Brasil;76;2021-08-18;33;210147125;20457897;41714;571662;1064;19362990;523245
Brasil;76;2021-08-19;33;210147125;20494212;36315;572641;979;19393047;528524
Brasil;76;2021-08-20;33;210147125;20528099;33887;573511;870;19413552;541036
Brasil;76;2021-08-21;33;210147125;20556487;28388;574209;698;19431197;551081
Brasil;76;2021-08-22;34;210147125;20570891;14404;574527;318;19448816;547548
Brasil;76;2021-08-23;34;210147125;20583994;13103;574848;321;19479947;529199
Brasil;76;2021-08-24;34;210147125;20614866;30872;575742;894;19530843;508281
Brasil;76;2021-08-25;34;210147125;20645537;30671;576645;903;19577135;491757
Brasil;76;2021-08-26;34;210147125;20676561;31024;577565;920;19609503;489493
Brasil;76;2021-08-27;34;210147125;20703906;27345;578326;761;19629675;495905
Brasil;76;2021-08-28;34;210147125;20728605;24699;579010;684;19646400;503195
Brasil;76;2021-08-29;35;210147125;20741815;13210;579308;298;19663748;498759
Brasil;76;2021-08-30;35;210147125;20752281;10466;579574;266;19692898;479809
Brasil;76;2021-08-31;35;210147125;20776870;24589;580413;839;19735447;461010
Brasil;76;2021-09-01;35;210147125;20804215;27345;581150;737;19775873;447192
Brasil;76;2021-09-02;35;210147125;20830495;26280;581914;764;19801725;446856
Brasil;76;2021-09-03;35;210147125;20856060;25565;582670;756;19820202;453188
Brasil;76;2021-09-04;35;210147125;20877864;21804;583362;692;19838912;455590
Brasil;76;2021-09-05;36;210147125;20890779;12915;583628;266;19862438;444713
Brasil;76;2021-09-06;36;210147125;20899933;9154;583810;182;19894660;421463
Brasil;76;2021-09-07;36;210147125;20913578;13645;584171;361;19932646;396761
Brasil;76;2021-09-08;36;210147125;20928008;14430;584421;250;19966693;376894
Brasil;76;2021-09-09;36;210147125;20958899;30891;585174;753;20002562;371163
Brasil;76;2021-09-10;36;210147125;20974850;15951;585846;672;20016161;372843
Brasil;76;2021-09-11;36;210147125;20989164;14314;586558;712;20029040;373566
Brasil;76;2021-09-12;37;210147125;20999779;10615;586851;293;20050471;362457
Brasil;76;2021-09-13;37;210147125;21006424;6645;587066;215;20076733;342625
Brasil;76;2021-09-14;37;210147125;21019830;13406;587797;731;20108417;323616
Brasil;76;2021-09-15;37;210147125;21034610;14780;588597;800;20138267;307746
Brasil;76;2021-09-16;37;210147125;21069017;34407;589240;643;20173064;306713
Brasil;76;2021-09-17;37;210147125;21080219;11202;589573;333;20180106;310540
Brasil;76;2021-09-18;37;210147125;21230325;150106;590508;935;20280294;359523
Brasil;76;2021-09-19;38;210147125;21239783;9458;590752;244;20253273;395758
Brasil;76;2021-09-20;38;210147125;21247667;7884;590955;203;20230891;425821
Brasil;76;2021-09-21;38;210147125;21247094;-573;591440;485;20250198;405456
Brasil;76;2021-09-22;38;210147125;21283567;36473;592316;876;20295538;395713
Brasil;76;2021-09-23;38;210147125;21308178;24611;592964;648;20319520;395694
Brasil;76;2021-09-24;38;210147125;21327616;19438;593663;699;20326408;407545
Brasil;76;2021-09-25;38;210147125;21343304;15688;594200;537;20333908;415196
Brasil;76;2021-09-26;39;210147125;21351972;8668;594443;243;20340373;417156
Brasil;76;2021-09-27;39;210147125;21366395;14423;594653;210;20361191;410551
Brasil;76;2021-09-28;39;210147125;21381790;15395;595446;793;20383243;403101
Brasil;76;2021-09-29;39;210147125;21399546;17756;596122;676;20404701;398723
Brasil;76;2021-09-30;39;210147125;21427073;27527;596749;627;20425139;405185
Brasil;76;2021-10-01;39;210147125;21445651;18578;597255;506;20432643;415753
Brasil;76;2021-10-02;39;210147125;21459117;13466;597723;468;20436127;425267
Brasil;76;2021-10-03;40;210147125;21468121;9004;597948;225;20442653;427520
Brasil;76;2021-10-04;40;210147125;21478546;10425;598152;204;20462345;418049
Brasil;76;2021-10-05;40;210147125;21499074;20528;598829;677;20488785;411460
Brasil;76;2021-10-06;40;210147125;21516967;17893;599359;530;20554936;362672
Brasil;76;2021-10-07;40;210147125;21532558;15591;599810;451;20609046;323702
Brasil;76;2021-10-08;40;210147125;21550730;18172;600425;615;20665273;285032
Brasil;76;2021-10-09;40;210147125;21567181;16451;600829;404;20670348;296004
Brasil;76;2021-10-10;41;210147125;21575820;8639;601011;182;20678858;295951
Brasil;76;2021-10-11;41;210147125;21582738;6918;601213;202;20694669;286856
Brasil;76;2021-10-12;41;210147125;21590097;7359;601398;185;20720496;268203
Brasil;76;2021-10-13;41;210147125;21597949;7852;601574;176;20740267;256108
Brasil;76;2021-10-14;41;210147125;21612237;14288;602099;525;20758597;251541
Brasil;76;2021-10-15;41;210147125;21627476;15239;602669;570;20773826;250981
Brasil;76;2021-10-16;41;210147125;21638726;11250;603152;483;20783940;251634
Brasil;76;2021-10-17;42;210147125;21644464;5738;603282;130;20794497;246685
Brasil;76;2021-10-18;42;210147125;21651910;7446;603465;183;20813408;235037
Brasil;76;2021-10-19;42;210147125;21664879;12969;603855;390;20838188;222836
Brasil;76;2021-10-20;42;210147125;21680488;15609;604228;373;20861055;215205
Brasil;76;2021-10-21;42;210147125;21697341;16853;604679;451;20875999;216663
Brasil;76;2021-10-22;42;210147125;21711843;14502;605139;460;20885484;221220
Brasil;76;2021-10-23;42;210147125;21723559;11716;605457;318;20895886;222216
Brasil;76;2021-10-24;43;210147125;21729763;6204;605644;187;20907224;216895
Brasil;76;2021-10-25;43;210147125;21735560;5797;605804;160;20922633;207123
Brasil;76;2021-10-26;43;210147125;21748984;13424;606246;442;20944087;198651
Brasil;76;2021-10-27;43;210147125;21766168;17184;606679;433;20965296;194193
Brasil;76;2021-10-28;43;210147125;21781436;15268;607068;389;20979324;195044
Brasil;76;2021-10-29;43;210147125;21793401;11965;607462;394;20986901;199038
Brasil;76;2021-10-30;43;210147125;21804094;10693;607694;232;20992510;203890
Brasil;76;2021-10-31;44;210147125;21810855;6761;607824;130;20996772;206259
Brasil;76;2021-11-01;44;210147125;21814693;3838;607922;98;21003105;203666
Brasil;76;2021-11-02;44;210147125;21821124;6431;608071;149;21015876;197177
Brasil;76;2021-11-03;44;210147125;21835785;14661;608235;164;21035263;192287
Brasil;76;2021-11-04;44;210147125;21849137;13352;608671;436;21047296;193170
Brasil;76;2021-11-05;44;210147125;21862458;13321;609060;389;21054660;198738
Brasil;76;2021-11-06;44;210147125;21874324;11866;609388;328;21062218;202718
Brasil;76;2021-11-07;45;210147125;21880439;6115;609447;59;21069794;201198
Brasil;76;2021-11-08;45;210147125;21886077;5638;609573;126;21082343;194161
Brasil;76;2021-11-09;45;210147125;21897025;10948;609756;183;21100888;186381
Brasil;76;2021-11-10;45;210147125;21909298;12273;610036;280;21117407;181855
Brasil;76;2021-11-11;45;210147125;21924598;15300;610224;188;21130382;183992
Brasil;76;2021-11-12;45;210147125;21939196;14598;610491;267;21138584;190121
Brasil;76;2021-11-13;45;210147125;21953838;14642;611222;731;21146255;196361
Brasil;76;2021-11-14;46;210147125;21957967;4129;611283;61;21151342;195342
Brasil;76;2021-11-15;46;210147125;21960766;2799;611346;63;21162046;187374
Brasil;76;2021-11-16;46;210147125;21965684;4918;611478;132;21177367;176839
Brasil;76;2021-11-17;46;210147125;21977661;11977;611851;373;21194900;170910
Brasil;76;2021-11-18;46;210147125;21989962;12301;612144;293;21206997;170821
Brasil;76;2021-11-19;46;210147125;22003317;13355;612370;226;21214823;176124
Brasil;76;2021-11-20;46;210147125;22012150;8833;612587;217;21217739;181824
Brasil;76;2021-11-21;47;210147125;22017276;5126;612659;72;21222032;182585
Brasil;76;2021-11-22;47;210147125;22019870;2594;612782;123;21230357;176731
Brasil;76;2021-11-23;47;210147125;22030182;10312;613066;284;21247982;169134
Brasil;76;2021-11-24;47;210147125;22043112;12930;613339;273;21264713;165060
Brasil;76;2021-11-25;47;210147125;22055238;12126;613642;303;21275209;166387
Brasil;76;2021-11-26;47;210147125;22067630;12392;613957;315;21282804;170869
Brasil;76;2021-11-27;47;210147125;22076863;9233;614186;229;21288281;174396
Brasil;76;2021-11-28;48;210147125;22080906;4043;614278;92;21293314;173314
Brasil;76;2021-11-29;48;210147125;22084749;3843;614376;98;21304115;166258
Brasil;76;2021-11-30;48;210147125;22094459;9710;614681;305;21321631;158147
Brasil;76;2021-12-01;48;210147125;22105872;11413;614964;283;21339118;151790
Brasil;76;2021-12-02;48;210147125;22118782;12910;615179;215;21351505;152098
Brasil;76;2021-12-03;48;210147125;22129409;10627;615400;221;21357412;156597
Brasil;76;2021-12-04;48;210147125;22138247;8838;615570;170;21359352;163325
Brasil;76;2021-12-05;49;210147125;22143091;4844;615636;66;21362553;164902
Brasil;76;2021-12-06;49;210147125;22147476;4385;615744;108;21370388;161344
Brasil;76;2021-12-07;49;210147125;22157726;10250;616018;274;21386271;155437
Brasil;76;2021-12-08;49;210147125;22167781;10055;616251;233;21399316;152214
Brasil;76;2021-12-09;49;210147125;22177059;9278;616457;206;21407699;152903
Brasil;76;2021-12-10;49;210147125;22184824;7765;616691;234;21411803;156330
Brasil;76;2021-12-11;49;210147125;22188179;3355;616744;53;21414318;157117
Brasil;76;2021-12-12;50;210147125;22189867;1688;616830;86;21420161;152876
Brasil;76;2021-12-13;50;210147125;22191949;2082;616878;48;21431386;143685
Brasil;76;2021-12-14;50;210147125;22195775;3826;616970;92;21444849;133956
Brasil;76;2021-12-15;50;210147125;22201221;5446;617271;301;21457323;126627
Brasil;76;2021-12-16;50;210147125;22204941;3720;617395;124;21465103;122443
Brasil;76;2021-12-17;50;210147125;22209020;4079;617601;206;21470339;121080
Brasil;76;2021-12-18;50;210147125;22212343;3323;617754;153;21475665;118924
Brasil;76;2021-12-19;51;210147125;22213762;1419;617803;49;21482323;113636
Brasil;76;2021-12-20;51;210147125;22215856;2094;617873;70;21493235;104748
Brasil;76;2021-12-21;51;210147125;22219477;3621;617948;75;21505879;95650
Brasil;76;2021-12-22;51;210147125;22222928;3451;618091;143;21516819;88018
Brasil;76;2021-12-23;51;210147125;22226573;3645;618228;137;21524821;83524
Brasil;76;2021-12-24;51;210147125;22230737;4164;618392;164;21531123;81222
Brasil;76;2021-12-25;51;210147125;22234626;3889;618424;32;21537535;78667
Brasil;76;2021-12-26;52;210147125;22239436;4810;618448;24;21546135;74853
Brasil;76;2021-12-27;52;210147125;22246276;6840;618534;86;21557380;70362
Brasil;76;2021-12-28;52;210147125;22254706;8430;618705;171;21567845;68156
Brasil;76;2021-12-29;52;210147125;22263834;9128;618817;112;21575485;69532
Brasil;76;2021-12-30;52;210147125;22277239;13405;618984;167;21582700;75555
Brasil;76;2021-12-31;52;210147125;22287521;10282;619056;72;21584402;84063
Brasil;76;2022-01-01;52;210147125;22291507;3986;619105;49;21581668;90734
Brasil;76;2022-01-02;1;210147125;22293228;1721;619133;28;21581717;92378
Brasil;76;2022-01-03;1;210147125;22305078;11850;619209;76;21591847;94022
Brasil;76;2022-01-04;1;210147125;22323837;18759;619384;175;21603954;100499
Brasil;76;2022-01-05;1;210147125;22351104;27267;619513;129;21615473;116118
Brasil;76;2022-01-06;1;210147125;22386930;35826;619641;128;21626836;140453
Brasil;76;2022-01-07;1;210147125;22450222;63292;619822;181;21650151;180249
Brasil;76;2022-01-08;1;210147125;22499525;49303;619937;115;21652319;227269
Brasil;76;2022-01-09;2;210147125;22523907;24382;619981;44;21634074;269852
Brasil;76;2022-01-10;2;210147125;22558695;34788;620091;110;21636133;302471
Brasil;76;2022-01-11;2;210147125;22629460;70765;620238;147;21667147;342075
Brasil;76;2022-01-12;2;210147125;22716931;87471;620371;133;21694064;402496
Brasil;76;2022-01-13;2;210147125;22814917;97986;620545;174;21710831;483541
Brasil;76;2022-01-14;2;210147125;22927203;112286;620796;251;21728937;577470
Brasil;76;2022-01-15;2;210147125;22975723;48520;620971;175;21697818;656934
Brasil;76;2022-01-16;3;210147125;23000657;24934;621045;74;21668942;710670
Brasil;76;2022-01-17;3;210147125;23074791;74134;621166;121;21704050;749575
Brasil;76;2022-01-18;3;210147125;23211894;137103;621517;351;21773085;817292
Brasil;76;2022-01-19;3;210147125;23416748;204854;621855;338;21848301;946592
Brasil;76;2022-01-20;3;210147125;23585243;168495;622205;350;21851922;1111116
Brasil;76;2022-01-21;3;210147125;23751782;166539;622563;358;21844293;1284926
Brasil;76;2022-01-22;3;210147125;23909175;157393;622801;238;21848302;1438072
Brasil;76;2022-01-23;4;210147125;24044255;135080;623097;296;21849545;1571613
Brasil;76;2022-01-24;4;210147125;24127595;83340;623356;259;21834758;1669481
Brasil;76;2022-01-25;4;210147125;24311317;183722;623843;487;21926277;1761197
Brasil;76;2022-01-26;4;210147125;24535884;224567;624413;570;22036168;1875303
Brasil;76;2022-01-27;4;210147125;24764838;228954;625085;672;22098157;2041596
Brasil;76;2022-01-28;4;210147125;25034806;269968;625884;799;22162914;2246008
Brasil;76;2022-01-29;4;210147125;25214622;179816;626524;640;22159759;2428339
Brasil;76;2022-01-30;5;210147125;25348797;134175;626854;330;22163750;2558193
Brasil;76;2022-01-31;5;210147125;25426744;77947;627138;284;22196442;2603164
Brasil;76;2022-02-01;5;210147125;25620209;193465;628067;929;22353361;2638781
Brasil;76;2022-02-02;5;210147125;25793112;172903;628960;893;22464029;2700123
Brasil;76;2022-02-03;5;210147125;26091520;298408;630001;1041;22602506;2859013
Brasil;76;2022-02-04;5;210147125;26275831;184311;630494;493;22617665;3027672
Brasil;76;2022-02-05;5;210147125;26473273;197442;631802;1308;22666567;3174904
Brasil;76;2022-02-06;6;210147125;26533010;59737;632193;391;22717907;3182910
Brasil;76;2022-02-07;6;210147125;26599593;66583;632621;428;22846652;3120320
Brasil;76;2022-02-08;6;210147125;26776620;177027;633810;1189;23101660;3041150
Brasil;76;2022-02-09;6;210147125;26955434;178814;635074;1264;23303192;3017168
Brasil;76;2022-02-10;6;210147125;27119500;164066;636017;943;23446849;3036634
Brasil;76;2022-02-11;6;210147125;27285509;166009;637152;1135;23568213;3080144
Brasil;76;2022-02-12;6;210147125;27425743;140234;638048;896;23685472;3102223
Brasil;76;2022-02-13;7;210147125;27479963;54220;638362;314;23783443;3058158
Brasil;76;2022-02-14;7;210147125;27538503;58540;638835;473;23969577;2930091
Brasil;76;2022-02-15;7;210147125;27659052;120549;639689;854;24252534;2766829
Brasil;76;2022-02-16;7;210147125;27806786;147734;640774;1085;24516591;2649421
Brasil;76;2022-02-17;7;210147125;27937835;131049;641902;1128;24708484;2587449
Brasil;76;2022-02-18;7;210147125;28058862;121027;643029;1127;24826457;2589376
Brasil;76;2022-02-19;7;210147125;28167587;108725;643880;851;24949782;2573925
Brasil;76;2022-02-20;8;210147125;28208212;40625;644286;406;25048072;2515854
Brasil;76;2022-02-21;8;210147125;28245551;37339;644604;318;25244026;2356921
Brasil;76;2022-02-22;8;210147125;28351327;105776;645420;816;25505984;2199923
Brasil;76;2022-02-23;8;210147125;28484890;133563;646419;999;25772807;2065664
Brasil;76;2022-02-24;8;210147125;28578647;93757;647390;971;25901919;2029338
Brasil;76;2022-02-25;8;210147125;28670242;91595;648160;770;25994566;2027516
Brasil;76;2022-02-26;8;210147125;28744050;73808;648913;753;26082511;2012626
Brasil;76;2022-02-27;9;210147125;28768104;24054;649134;221;26183623;1935347
Brasil;76;2022-02-28;9;210147125;28787620;19516;649333;199;26336373;1801914
Brasil;76;2022-03-01;9;210147125;28811165;23545;649630;297;26506005;1655530
Brasil;76;2022-03-02;9;210147125;28842160;30995;650000;370;26668010;1524150
Brasil;76;2022-03-03;9;210147125;28904030;61870;650578;578;26810286;1443166
Brasil;76;2022-03-04;9;210147125;28973799;69769;651255;677;26909481;1413063
Brasil;76;2022-03-05;9;210147125;29033052;59253;651927;672;26982294;1398831
Brasil;76;2022-03-06;10;210147125;29049013;15961;652143;216;27058371;1338499
Brasil;76;2022-03-07;10;210147125;29069469;20456;652341;198;27179192;1237936
Brasil;76;2022-03-08;10;210147125;29138362;68893;652829;488;27344949;1140584
Brasil;76;2022-03-09;10;210147125;29193268;54906;653498;669;27470786;1068984
Brasil;76;2022-03-10;10;210147125;29249903;56635;654086;588;27556598;1039219
Brasil;76;2022-03-11;10;210147125;29305114;55211;654556;470;27618035;1032523
Brasil;76;2022-03-12;10;210147125;29350134;45020;654945;389;27671593;1023596
Brasil;76;2022-03-13;11;210147125;29368776;18642;655078;133;27742324;971374
Brasil;76;2022-03-14;11;210147125;29380063;11287;655249;171;27838793;886021
Brasil;76;2022-03-15;11;210147125;29432157;52094;655585;336;27968811;807761
Brasil;76;2022-03-16;11;210147125;29478039;45882;655940;355;28063760;758339
Brasil;76;2022-03-17;11;210147125;29527640;49601;656425;485;28126647;744568
Brasil;76;2022-03-18;11;210147125;29573112;45472;656798;373;28163904;752410
Brasil;76;2022-03-19;11;210147125;29617266;44154;657102;304;28183864;776300
Brasil;76;2022-03-20;12;210147125;29630484;13218;657205;103;28187353;785926
Brasil;76;2022-03-21;12;210147125;29641594;11110;657302;97;28214095;770197
Brasil;76;2022-03-22;12;210147125;29682615;41021;657696;394;28286808;738111
Brasil;76;2022-03-23;12;210147125;29729991;47376;657998;302;28363966;708027
Brasil;76;2022-03-24;12;210147125;29767681;37690;658310;312;28407457;701914
Brasil;76;2022-03-25;12;210147125;29802257;34576;658566;256;28433713;709978
Brasil;76;2022-03-26;12;210147125;29832179;29922;658762;196;28464436;708981
Brasil;76;2022-03-27;13;210147125;29842418;10239;658879;117;28497468;686071
Brasil;76;2022-03-28;13;210147125;29852341;9923;658956;77;28550311;643074
Brasil;76;2022-03-29;13;210147125;29882397;30056;659241;285;28618511;604645
Brasil;76;2022-03-30;13;210147125;29916334;33937;659504;263;28679560;577270
Brasil;76;2022-03-31;13;210147125;29947895;31561;659757;253;28718580;569558
Brasil;76;2022-04-01;13;210147125;29975165;27270;660002;245;28739687;575476
Brasil;76;2022-04-02;13;210147125;29992227;17062;660108;106;28758676;573443
Brasil;76;2022-04-03;14;210147125;29999437;7210;660147;39;28784928;554362
Brasil;76;2022-04-04;14;210147125;30012798;13361;660312;165;28834486;518000
Brasil;76;2022-04-05;14;210147125;30040129;27331;660528;216;28892353;487248
Brasil;76;2022-04-06;14;210147125;30067249;27120;660723;195;28942887;463639
Brasil;76;2022-04-07;14;210147125;30093751;26502;660973;250;28976397;456381
Brasil;76;2022-04-08;14;210147125;30123963;30212;661122;149;29001370;461471
Brasil;76;2022-04-09;14;210147125;30145192;21229;661220;98;29018271;465701
Brasil;76;2022-04-10;15;210147125;30152402;7210;661258;38;29038896;452248
Brasil;76;2022-04-11;15;210147125;30161205;8803;661327;69;29076974;422904
Brasil;76;2022-04-12;15;210147125;30183929;22724;661493;166;29126303;396133
Brasil;76;2022-04-13;15;210147125;30210853;26924;661656;163;29167518;381679
Brasil;76;2022-04-14;15;210147125;30234024;23171;661796;140;29191158;381070
Brasil;76;2022-04-15;15;210147125;30247302;13278;661907;111;29199903;385492
Brasil;76;2022-04-16;15;210147125;30250077;2775;661938;31;29206243;381896
Brasil;76;2022-04-17;16;210147125;30252618;2541;661960;22;29227051;363607
Brasil;76;2022-04-18;16;210147125;30261088;8470;662026;66;29262483;336579
Brasil;76;2022-04-19;16;210147125;30275219;14131;662151;125;29298848;314220
Brasil;76;2022-04-20;16;210147125;30311969;36750;662414;263;29340802;308753
Brasil;76;2022-04-21;16;210147125;30330629;18660;662506;92;29353398;314725
Brasil;76;2022-04-22;16;210147125;30338697;8068;662557;51;29352832;323308
Brasil;76;2022-04-23;16;210147125;30345654;6957;662610;53;29364400;318644
Brasil;76;2022-04-24;17;210147125;30349463;3809;662646;36;29384354;302463
Brasil;76;2022-04-25;17;210147125;30355919;6456;662722;76;29411813;281384
Brasil;76;2022-04-26;17;210147125;30378061;22142;662866;144;29450841;264354
Brasil;76;2022-04-27;17;210147125;30399004;20943;663111;245;29480998;254895
Brasil;76;2022-04-28;17;210147125;30418920;19916;663225;114;29499422;256273
Brasil;76;2022-04-29;17;210147125;30433042;14122;663410;185;29507557;262075
Brasil;76;2022-04-30;17;210147125;30448236;15194;663497;87;29519204;265535
Brasil;76;2022-05-01;18;210147125;30454499;6263;663513;16;29533039;257947
Brasil;76;2022-05-02;18;210147125;30460997;6498;663602;89;29554308;243087
Brasil;76;2022-05-03;18;210147125;30482429;21432;663694;92;29585304;233431
Brasil;76;2022-05-04;18;210147125;30502501;20072;663759;65;29602372;236370
Brasil;76;2022-05-05;18;210147125;30524183;21682;663896;137;29609094;251193
Brasil;76;2022-05-06;18;210147125;30543908;19725;664091;195;29612822;266995
Brasil;76;2022-05-07;18;210147125;30558530;14622;664126;35;29617164;277240
Brasil;76;2022-05-08;19;210147125;30564536;6006;664139;13;29629420;270977
Brasil;76;2022-05-09;19;210147125;30574245;9709;664192;53;29652018;258035
Brasil;76;2022-05-10;19;210147125;30594388;20143;664390;198;29681120;248878
Brasil;76;2022-05-11;19;210147125;30617786;23398;664516;126;29697931;255339
Brasil;76;2022-05-12;19;210147125;30639130;21344;664641;125;29703904;270585
Brasil;76;2022-05-13;19;210147125;30664739;25609;664780;139;29711738;288221
Brasil;76;2022-05-14;19;210147125;30682094;17355;664872;92;29718402;298820
Brasil;76;2022-05-15;20;210147125;30688390;6296;664918;46;29724682;298790
Brasil;76;2022-05-16;20;210147125;30701900;13510;664987;69;29746640;290273
Brasil;76;2022-05-17;20;210147125;30728286;26386;665216;229;29775658;287412
Brasil;76;2022-05-18;20;210147125;30741811;13525;665319;103;29787689;288803
Brasil;76;2022-05-19;20;210147125;30752226;10415;665433;114;29793128;293665
Brasil;76;2022-05-20;20;210147125;30762413;10187;665493;60;29801225;295695
Brasil;76;2022-05-21;20;210147125;30778607;16194;665528;35;29816521;296558
Brasil;76;2022-05-22;21;210147125;30791220;12613;665627;99;29832019;293574
Brasil;76;2022-05-23;21;210147125;30803995;12775;665666;39;29851917;286412
Brasil;76;2022-05-24;21;210147125;30836815;32820;665905;239;29885580;285330
Brasil;76;2022-05-25;21;210147125;30846602;9787;666037;132;29895469;285096
Brasil;76;2022-05-26;21;210147125;30880512;33910;666180;143;29917271;297061
Brasil;76;2022-05-27;21;210147125;30921145;40633;666319;139;29939873;314953
Brasil;76;2022-05-28;21;210147125;30945384;24239;666391;72;29943090;335903
Brasil;76;2022-05-29;22;210147125;30953579;8195;666453;62;29944585;342541
Brasil;76;2022-05-30;22;210147125;30977661;24082;666516;63;29971308;339837
Brasil;76;2022-05-31;22;210147125;31019038;41377;666676;160;30011391;340971
Brasil;76;2022-06-01;22;210147125;31060017;40979;666801;125;30038200;355016
Brasil;76;2022-06-02;22;210147125;31101290;41273;666928;127;30054599;379763
Brasil;76;2022-06-03;22;210147125;31137479;36189;666971;43;30063682;406826
Brasil;76;2022-06-04;22;210147125;31153069;15590;666997;26;30063576;422496
Brasil;76;2022-06-05;23;210147125;31159335;6266;667005;8;30068185;424145
Brasil;76;2022-06-06;23;210147125;31195118;35783;667041;36;30101368;426709
Brasil;76;2022-06-07;23;210147125;31266163;71045;667348;307;30145810;453005
Brasil;76;2022-06-08;23;210147125;31315777;49614;667647;299;30155386;492744
Brasil;76;2022-06-09;23;210147125;31360850;45073;667790;143;30158256;534804
Brasil;76;2022-06-10;23;210147125;31417341;56491;667960;170;30178187;571194
Brasil;76;2022-06-11;23;210147125;31445137;27796;668074;114;30182173;594890
Brasil;76;2022-06-12;24;210147125;31456865;11728;668110;36;30180290;608465
Brasil;76;2022-06-13;24;210147125;31497038;40173;668180;70;30219236;609622
Brasil;76;2022-06-14;24;210147125;31541479;44441;668354;174;30259452;613673
Brasil;76;2022-06-15;24;210147125;31611769;70290;668693;339;30310772;632304
Brasil;76;2022-06-16;24;210147125;31644703;32934;668844;151;30318819;657040
Brasil;76;2022-06-17;24;210147125;31673375;28672;668916;72;30322415;682044
Brasil;76;2022-06-18;24;210147125;31693502;20127;669010;94;30339765;684727
Brasil;76;2022-06-19;25;210147125;31704193;10691;669065;55;30366011;669117
Brasil;76;2022-06-20;25;210147125;31754465;50272;669161;96;30430308;654996
Brasil;76;2022-06-21;25;210147125;31818827;64362;669390;229;30492176;657261
Brasil;76;2022-06-22;25;210147125;31890733;71906;669530;140;30532868;688335
Brasil;76;2022-06-23;25;210147125;31962782;72049;669895;365;30554684;738203
Brasil;76;2022-06-24;25;210147125;32023166;60384;670229;334;30566088;786849
Brasil;76;2022-06-25;25;210147125;32061959;38793;670369;140;30585528;806062
Brasil;76;2022-06-26;26;210147125;32078638;16679;670405;36;30615652;792581
Brasil;76;2022-06-27;26;210147125;32130316;51678;670532;127;30686581;773203
Brasil;76;2022-06-28;26;210147125;32206954;76638;670848;316;30764923;771183
Brasil;76;2022-06-29;26;210147125;32282879;75925;671125;277;30815705;796049
Brasil;76;2022-06-30;26;210147125;32358018;75139;671416;291;30846850;839752
Brasil;76;2022-07-01;26;210147125;32434063;76045;671700;284;30873682;888681
Brasil;76;2022-07-02;26;210147125;32471847;37784;671858;158;30880584;919405
Brasil;76;2022-07-03;27;210147125;32490422;18575;671911;53;30906575;911936
Brasil;76;2022-07-04;27;210147125;32535923;45501;672033;122;30967114;896776
Brasil;76;2022-07-05;27;210147125;32610514;74591;672429;396;31039055;899030
Brasil;76;2022-07-06;27;210147125;32687680;77166;672790;361;31077538;937352
Brasil;76;2022-07-07;27;210147125;32759730;72050;673073;283;31094805;991852
Brasil;76;2022-07-08;27;210147125;32830844;71114;673339;266;31119463;1038042
Brasil;76;2022-07-09;27;210147125;32874501;43657;673554;215;31142535;1058412
Brasil;76;2022-07-10;28;210147125;32896464;21963;673610;56;31181066;1041788
Brasil;76;2022-07-11;28;210147125;32940507;44043;673758;148;31257740;1009009
Brasil;76;2022-07-12;28;210147125;33004555;64048;674102;344;31346111;984342
Brasil;76;2022-07-13;28;210147125;33076779;72224;674482;380;31414937;987360
Brasil;76;2022-07-14;28;210147125;33142158;65379;674779;297;31451590;1015789
Brasil;76;2022-07-15;28;210147125;33250117;107959;675090;311;31513330;1061697
Brasil;76;2022-07-16;28;210147125;33290266;40149;675295;205;31530552;1084419
Brasil;76;2022-07-17;29;210147125;33301118;10852;675350;55;31556393;1069375
Brasil;76;2022-07-18;29;210147125;33339815;38697;675518;168;31640771;1023526
Brasil;76;2022-07-19;29;210147125;33397814;57999;675871;353;31738181;983762
Brasil;76;2022-07-20;29;210147125;33454294;56480;676217;346;31806291;971786
Brasil;76;2022-07-21;29;210147125;33505727;51433;676486;269;31846441;982800
Brasil;76;2022-07-22;29;210147125;33555526;49799;676766;280;31877531;1001229
Brasil;76;2022-07-23;29;210147125;33581533;26007;676927;161;31907233;997373
Brasil;76;2022-07-24;30;210147125;33591356;9823;676964;37;31954094;960298
Brasil;76;2022-07-25;30;210147125;33621965;30609;677143;179;32036761;908061
Brasil;76;2022-07-26;30;210147125;33659879;37914;677494;351;32121537;860848
Brasil;76;2022-07-27;30;210147125;33704393;44514;677804;310;32190361;836228
Brasil;76;2022-07-28;30;210147125;33748985;44592;678069;265;32238057;832859
Brasil;76;2022-07-29;30;210147125;33790698;41713;678313;244;32272604;839781
Brasil;76;2022-07-30;30;210147125;33813587;22889;678486;173;32302319;832782
Brasil;76;2022-07-31;31;210147125;33833900;20313;678514;28;32354263;801123
Brasil;76;2022-08-01;31;210147125;33855964;22064;678715;201;32421379;755870
Brasil;76;2022-08-02;31;210147125;33890428;34464;679010;295;32511634;699784
Brasil;76;2022-08-03;31;210147125;33924061;33633;679275;265;32586094;658692
Brasil;76;2022-08-04;31;210147125;33964494;40433;679536;261;32643157;641801
Brasil;76;2022-08-05;31;210147125;33994470;29976;679758;222;32668240;646472
Brasil;76;2022-08-06;31;210147125;34011173;16703;679939;181;32691603;639631
Brasil;76;2022-08-07;32;210147125;34018371;7198;679996;57;32731706;606669
Brasil;76;2022-08-08;32;210147125;34035780;17409;680166;170;32790294;565320
Brasil;76;2022-08-09;32;210147125;34066000;30220;680531;365;32854341;531128
Brasil;76;2022-08-10;32;210147125;34096935;30935;680786;255;32901273;514876
Brasil;76;2022-08-11;32;210147125;34124579;27644;681006;220;32927762;515811
Brasil;76;2022-08-12;32;210147125;34148131;23552;681253;247;32945953;520925
Brasil;76;2022-08-13;32;210147125;34165857;17726;681400;147;32966689;517768
Brasil;76;2022-08-14;33;210147125;34170286;4429;681437;37;32993386;495463
Brasil;76;2022-08-15;33;210147125;34178240;7954;681557;120;33033317;463366
Brasil;76;2022-08-16;33;210147125;34201280;23040;681763;206;33087797;431720
Brasil;76;2022-08-17;33;210147125;34223207;21927;682010;247;33128198;412999
Brasil;76;2022-08-18;33;210147125;34245374;22167;682216;206;33156157;407001
Brasil;76;2022-08-19;33;210147125;34264237;18863;682358;142;33175714;406165
Brasil;76;2022-08-20;33;210147125;34279785;15548;682502;144;33197861;399422
Brasil;76;2022-08-21;34;210147125;34284864;5079;682549;47;33219643;382672
Brasil;76;2022-08-22;34;210147125;34291082;6218;682671;122;33252793;355618
Brasil;76;2022-08-23;34;210147125;34311323;20241;682874;203;33296876;331573
Brasil;76;2022-08-24;34;210147125;34329600;18277;683076;202;33329029;317495
Brasil;76;2022-08-25;34;210147125;34350639;21039;683233;157;33348052;319354
Brasil;76;2022-08-26;34;210147125;34368909;18270;683397;164;33360772;324740
Brasil;76;2022-08-27;34;210147125;34381295;12386;683472;75;33374062;323761
Brasil;76;2022-08-28;35;210147125;34384747;3452;683494;22;33392136;309117
Brasil;76;2022-08-29;35;210147125;34397205;12458;683622;128;33424427;289156
Brasil;76;2022-08-30;35;210147125;34414011;16806;683851;229;33457359;272801
Brasil;76;2022-08-31;35;210147125;34429853;15842;683965;114;33480980;264908
Brasil;76;2022-09-01;35;210147125;34444674;14821;684147;182;33495062;265465
Brasil;76;2022-09-02;35;210147125;34456145;11471;684262;115;33502447;269436
Brasil;76;2022-09-03;35;210147125;34467867;11722;684354;92;33513222;270291
Brasil;76;2022-09-04;36;210147125;34470776;2909;684369;15;33524941;261466
Brasil;76;2022-09-05;36;210147125;34477539;6763;684425;56;33546726;246388
Brasil;76;2022-09-06;36;210147125;34490931;13392;684580;155;33573140;233211
Brasil;76;2022-09-07;36;210147125;34499823;8892;684637;57;33591077;224109
Brasil;76;2022-09-09;36;210147125;34516739;12710;684813;91;33612456;219470
Brasil;76;2022-09-10;36;210147125;34526148;9409;684853;40;33623508;217787
Brasil;76;2022-09-11;37;210147125;34528625;2477;684860;7;33632567;211198
Brasil;76;2022-09-12;37;210147125;34533957;5332;684898;38;33651811;197248
Brasil;76;2022-09-13;37;210147125;34544377;10420;685002;104;33675124;184251
Brasil;76;2022-09-14;37;210147125;34558902;14525;685121;119;33696624;177157
Brasil;76;2022-09-15;37;210147125;34568833;9931;685203;82;33706231;177399
Brasil;76;2022-09-16;37;210147125;34579085;10252;685300;97;33714273;179512
Brasil;76;2022-09-17;37;210147125;34582063;2978;685334;34;33720345;176384
Brasil;76;2022-09-18;38;210147125;34587047;4984;685376;42;33734153;167518
Brasil;76;2022-09-19;38;210147125;34592027;4980;685428;52;33750459;156140
Brasil;76;2022-09-20;38;210147125;34600768;8741;685518;90;33766841;148409
Brasil;76;2022-09-21;38;210147125;34607947;7179;685604;86;33779588;142755
Brasil;76;2022-09-22;38;210147125;34616655;8708;685677;73;33788724;142254
Brasil;76;2022-09-23;38;210147125;34624427;7772;685750;73;33795688;142989
Brasil;76;2022-09-24;38;210147125;34630994;6567;685782;32;33802214;142998
Brasil;76;2022-09-25;39;210147125;34632220;1226;685805;23;33807864;138551
Brasil;76;2022-09-26;39;210147125;34638288;6068;685835;30;33818040;134413
Brasil;76;2022-09-27;39;210147125;34646577;8289;685881;46;22465215;11232608
Brasil;76;2022-09-28;39;210147125;34654190;7613;685927;46;33838636;129627
Brasil;76;2022-09-29;39;210147125;34663731;9541;685978;51;33847842;129911
Brasil;76;2022-09-30;39;210147125;34672524;8793;686036;58;33853693;132795
Brasil;76;2022-10-01;39;210147125;34678510;5986;686254;218;33857490;134766
Brasil;76;2022-10-02;40;210147125;34679533;1023;686320;66;33863299;129914
Brasil;76;2022-10-03;40;210147125;34684529;4996;686371;51;33875877;122281
Brasil;76;2022-10-04;40;210147125;34691896;7367;686464;93;33890228;115204
Brasil;76;2022-10-05;40;210147125;34699017;7121;686573;109;33898481;113963
Brasil;76;2022-10-06;40;210147125;34707233;8216;686706;133;33905120;115407
Brasil;76;2022-10-07;40;210147125;34715137;7904;686803;97;33909568;118766
Brasil;76;2022-10-08;40;210147125;34719025;3888;686842;39;33913009;119174
Brasil;76;2022-10-09;41;210147125;34719507;482;686851;9;33916328;116328
Brasil;76;2022-10-10;41;210147125;34724189;4682;686877;26;33926118;111194
Brasil;76;2022-10-11;41;210147125;34731539;7350;686963;86;33937059;107517
Brasil;76;2022-10-12;41;210147125;34736653;5114;687026;63;33944082;105545
Brasil;76;2022-10-13;41;210147125;34739865;3212;687069;43;33947231;105565
Brasil;76;2022-10-14;41;210147125;34746462;6597;687144;75;33953433;105885
Brasil;76;2022-10-15;41;210147125;34748678;2216;687153;9;33956833;104692
Brasil;76;2022-10-16;42;210147125;34749058;380;687155;2;33961457;100446
Brasil;76;2022-10-17;42;210147125;34754590;5532;687243;88;33972660;94687
Brasil;76;2022-10-18;42;210147125;34762873;8283;687326;83;33984783;90764
Brasil;76;2022-10-19;42;210147125;34771320;8447;687423;97;33993798;90099
Brasil;76;2022-10-20;42;210147125;34776259;4939;687483;60;33996688;92088
Brasil;76;2022-10-21;42;210147125;34780462;4203;687527;44;33998942;93993
Brasil;76;2022-10-22;42;210147125;34782150;1688;687566;39;34001421;93163
Brasil;76;2022-10-23;43;210147125;34783786;1636;687574;8;34006978;89234
Brasil;76;2022-10-24;43;210147125;34793309;9523;687666;92;34019632;86011
Brasil;76;2022-10-25;43;210147125;34799324;6015;687710;44;34027561;84053
Brasil;76;2022-10-26;43;210147125;34807075;7751;687907;197;34034039;85129
Brasil;76;2022-10-27;43;210147125;34815258;8183;687962;55;34038995;88301
Brasil;76;2022-10-28;43;210147125;34822227;6969;688080;118;34041327;92820
Brasil;76;2022-10-29;43;210147125;34824069;1842;688091;11;34041687;94291
Brasil;76;2022-10-30;44;210147125;34824866;797;688092;1;34044979;91795
Brasil;76;2022-10-31;44;210147125;34828749;3883;688157;65;34051811;88781
Brasil;76;2022-11-01;44;210147125;34837035;8286;688219;62;34060670;88146
Brasil;76;2022-11-02;44;210147125;34839337;2302;688228;9;34062150;88959
Brasil;76;2022-11-03;44;210147125;34846308;6971;688267;39;34066300;91741
Brasil;76;2022-11-04;44;210147125;34849063;2755;688332;65;34067695;93036
Brasil;76;2022-11-05;44;210147125;34850373;1310;688342;10;34070030;92001
Brasil;76;2022-11-06;45;210147125;34851450;1077;688348;6;34076743;86359
Brasil;76;2022-11-07;45;210147125;34855492;4042;688395;47;34085759;81338
Brasil;76;2022-11-08;45;210147125;34868153;12661;688487;92;34098249;81417
Brasil;76;2022-11-09;45;210147125;34877559;9406;688567;80;34102506;86486
Brasil;76;2022-11-10;45;210147125;34889576;12017;688607;40;34105670;95299
Brasil;76;2022-11-11;45;210147125;34908198;18622;688656;49;34115188;104354
Brasil;76;2022-11-12;45;210147125;34911937;3739;688654;-2;34113176;110107
Brasil;76;2022-11-13;46;210147125;34912931;994;688658;4;34114047;110226
Brasil;76;2022-11-14;46;210147125;34921054;8123;688694;36;34125079;107281
Brasil;76;2022-11-15;46;210147125;34923127;2073;688702;8;34130942;103483
Brasil;76;2022-11-16;46;210147125;34938073;14946;688764;62;34143084;106225
Brasil;76;2022-11-17;46;210147125;34971043;32970;688835;71;34162530;119678
Brasil;76;2022-11-18;46;210147125;34999495;28452;688907;72;34167667;142921
Brasil;76;2022-11-19;46;210147125;35007209;7714;688920;13;34156656;161633
Brasil;76;2022-11-20;47;210147125;35011534;4325;688928;8;34152285;170321
Brasil;76;2022-11-21;47;210147125;35035294;23760;689039;111;34169858;176397
Brasil;76;2022-11-22;47;210147125;35052152;16858;689155;116;34175672;187325
Brasil;76;2022-11-23;47;210147125;35082036;29884;689272;117;34185692;207072
Brasil;76;2022-11-24;47;210147125;35104673;22637;689341;69;34186924;228408
Brasil;76;2022-11-25;47;210147125;35149503;44830;689442;101;34201418;258643
Brasil;76;2022-11-26;47;210147125;35163004;13501;689468;26;34193847;279689
Brasil;76;2022-11-27;48;210147125;35168201;5197;689479;11;34186532;292190
Brasil;76;2022-11-28;48;210147125;35188586;20385;689536;57;34205157;293893
Brasil;76;2022-11-29;48;210147125;35232625;44039;689665;129;34239217;303743
Brasil;76;2022-11-30;48;210147125;35266159;33534;689801;136;34251501;324857
Brasil;76;2022-12-01;48;210147125;35302137;35978;689945;144;34257388;354804
Brasil;76;2022-12-02;48;210147125;35337546;35409;690074;129;34262104;385368
Brasil;76;2022-12-03;48;210147125;35361773;24227;690109;35;34258240;413424
Brasil;76;2022-12-04;49;210147125;35369105;7332;690124;15;34251640;427341
Brasil;76;2022-12-05;49;210147125;35396191;27086;690229;105;34275740;430222
Brasil;76;2022-12-06;49;210147125;35452099;55908;690409;180;34326847;434843
Brasil;76;2022-12-07;49;210147125;35497781;45682;690577;168;34352612;454592
Brasil;76;2022-12-08;49;210147125;35531716;33935;690677;100;34354889;486150
Brasil;76;2022-12-09;49;210147125;35531716;0;690677;0;34340329;500710
Brasil;76;2022-12-10;49;210147125;35570761;39045;690747;70;34369935;510079
Brasil;76;2022-12-11;50;210147125;35577538;6777;690754;7;34384846;501938
Brasil;76;2022-12-12;50;210147125;35643770;66232;691015;261;34436602;516153
Brasil;76;2022-12-13;50;210147125;35696918;53148;691178;163;34480032;525708
Brasil;76;2022-12-14;50;210147125;35751411;54493;691449;271;34503453;556509
Brasil;76;2022-12-15;50;210147125;35809832;58421;691652;203;34527660;590520
Brasil;76;2022-12-16;50;210147125;35869526;59694;691810;158;34542868;634849
Brasil;76;2022-12-17;50;210147125;35892110;22584;691863;53;34541779;658468
Brasil;76;2022-12-18;51;210147125;35901978;9868;691883;20;34553532;656563
Brasil;76;2022-12-19;51;210147125;35945063;43085;692041;158;34609068;643954
Brasil;76;2022-12-20;51;210147125;36001760;56697;692280;239;34663955;645525
Brasil;76;2022-12-21;51;210147125;36044441;42681;692461;181;34690928;661052
Brasil;76;2022-12-22;51;210147125;36092845;48404;692652;191;34712349;687844
Brasil;76;2022-12-23;51;210147125;36124337;31492;692743;91;34722539;709055
Brasil;76;2022-12-24;51;210147125;36124337;0;692743;0;34726009;705585
Brasil;76;2022-12-25;52;210147125;36124337;0;692743;0;34758286;673308
Brasil;76;2022-12-26;52;210147125;36190389;66052;692969;226;34847198;650222
Brasil;76;2022-12-27;52;210147125;36226287;35898;693199;230;34875481;657607
Brasil;76;2022-12-28;52;210147125;36264721;38434;693562;363;34891300;679859
Brasil;76;2022-12-29;52;210147125;36302415;37694;693734;172;34906985;701696
Brasil;76;2022-12-30;52;210147125;36331281;28866;693853;119;34938186;699242
Brasil;76;2022-12-31;52;210147125;36331281;0;693853;0;34958008;679420
Brasil;76;2023-01-01;1;210147125;36331281;0;693853;0;35006153;631275
Brasil;76;2023-01-02;1;210147125;36362366;31085;693981;128;35081933;586452
Brasil;76;2023-01-03;1;210147125;36390423;28057;694192;211;35147500;548731
Brasil;76;2023-01-04;1;210147125;36423138;32715;694411;219;35196324;532403
Brasil;76;2023-01-05;1;210147125;36450812;27674;694569;158;35225196;531047
Brasil;76;2023-01-06;1;210147125;36477214;26402;694779;210;35247755;534680
Brasil;76;2023-01-07;1;210147125;36488386;11172;694806;27;35273694;519886
Brasil;76;2023-01-08;2;210147125;36490050;1664;694817;11;35309644;485589
Brasil;76;2023-01-09;2;210147125;36511286;21236;694917;100;35368526;447843
Brasil;76;2023-01-10;2;210147125;36552432;41146;694985;68;35429017;428430
Brasil;76;2023-01-11;2;210147125;36578865;26433;695088;103;35452373;431404
Brasil;76;2023-01-12;2;210147125;36597935;19070;695236;148;35452985;449714
Brasil;76;2023-01-13;2;210147125;36620371;22436;695314;78;35474747;450310
Brasil;76;2023-01-14;2;210147125;36624714;4343;695338;24;35497700;431676
Brasil;76;2023-01-15;3;210147125;36628099;3385;695343;5;35537579;395177
Brasil;76;2023-01-16;3;210147125;36640787;12688;695410;67;35580516;364861
Brasil;76;2023-01-17;3;210147125;36665047;24260;695524;114;35626058;343465
Brasil;76;2023-01-18;3;210147125;36677844;12797;695615;91;35644368;337861
Brasil;76;2023-01-19;3;210147125;36698875;21031;696087;472;35655371;347417
Brasil;76;2023-01-20;3;210147125;36712851;13976;696188;101;35663851;352812
Brasil;76;2023-01-21;3;210147125;36717501;4650;696254;66;35675028;346219
Brasil;76;2023-01-22;4;210147125;36718053;552;696257;3;35699675;322121
Brasil;76;2023-01-23;4;210147125;36730913;12860;696324;67;35735781;298808
Brasil;76;2023-01-24;4;210147125;36751410;20497;696485;161;35773623;281302
Brasil;76;2023-01-25;4;210147125;36768677;17267;696603;118;35795631;276443
Brasil;76;2023-01-26;4;210147125;36780127;11450;696696;93;35803705;279726
Brasil;76;2023-01-27;4;210147125;36791267;11140;696742;46;35812908;281617
Brasil;76;2023-01-28;4;210147125;36793778;2511;696757;15;35828380;268641
Brasil;76;2023-01-29;5;210147125;36794261;483;696759;2;35853682;243820
Brasil;76;2023-01-30;5;210147125;36807814;13553;696892;133;35890413;220509
Brasil;76;2023-01-31;5;210147125;36824580;16766;697074;182;35919372;208134
Brasil;76;2023-02-01;5;210147125;36837943;13363;697200;126;35933396;207347
Brasil;76;2023-02-02;5;210147125;36857916;19973;697248;48;35946758;213910
Brasil;76;2023-02-03;5;210147125;36866658;8742;697345;97;35948241;221072
Brasil;76;2023-02-04;5;210147125;36868219;1561;697360;15;35953131;217728
Brasil;76;2023-02-05;6;210147125;36868946;727;697361;1;35966707;204878
Brasil;76;2023-02-06;6;210147125;36878774;9828;697439;78;35991588;189747
Brasil;76;2023-02-07;6;210147125;36887991;9217;697533;94;36009893;180565
Brasil;76;2023-02-08;6;210147125;36907890;19899;697583;50;36029839;180468
Brasil;76;2023-02-09;6;210147125;36917623;9733;697620;37;36032982;187021
Brasil;76;2023-02-10;6;210147125;36930339;12716;697662;42;36037560;195117
Brasil;76;2023-02-11;6;210147125;36932532;2193;697674;12;36042782;192076
Brasil;76;2023-02-12;7;210147125;36932830;298;697674;0;36054786;180370
Brasil;76;2023-02-13;7;210147125;36953492;20662;697762;88;36083958;171772
Brasil;76;2023-02-14;7;210147125;36949318;-4174;697848;86;36087362;164108
Brasil;76;2023-02-15;7;210147125;36960888;11570;697894;46;36097919;165075
Brasil;76;2023-02-16;7;210147125;36970513;9625;698014;120;36106527;165972
Brasil;76;2023-02-17;7;210147125;36987682;17169;698047;33;36116408;173227
Brasil;76;2023-02-18;7;210147125;36989373;1691;698056;9;36118809;172508
Brasil;76;2023-02-19;8;210147125;36989857;484;698056;0;36127275;164526
Brasil;76;2023-02-20;8;210147125;36990274;417;698058;2;36143411;148805
Brasil;76;2023-02-21;8;210147125;36992154;1880;698069;11;36158293;135792
Brasil;76;2023-02-22;8;210147125;36997328;5174;698381;312;36170812;128135
Brasil;76;2023-02-23;8;210147125;37008944;11616;698834;453;36179646;130464
Brasil;76;2023-02-24;8;210147125;37020531;11587;698928;94;36185975;135628
Brasil;76;2023-02-25;8;210147125;37023465;2934;698946;18;36186902;137617
Brasil;76;2023-02-26;9;210147125;37024417;952;698947;1;36195640;129830
Brasil;76;2023-02-27;9;210147125;37038230;13813;699006;59;36216411;122813
Brasil;76;2023-02-28;9;210147125;37052936;14706;699087;81;36235329;118520
Brasil;76;2023-03-01;9;210147125;37063464;10528;699197;110;36241001;123266
Brasil;76;2023-03-02;9;210147125;37066791;3327;699243;46;36239891;127657
Brasil;76;2023-03-03;9;210147125;37076053;9262;699276;33;36249161;127616
Brasil;76;2023-03-04;9;210147125;37085520;9467;699310;34;36256816;129394
Brasil;76;2023-03-05;10;210147125;37085520;0;699310;0;36259876;126334
Brasil;76;2023-03-06;10;210147125;37085520;0;699310;0;36262322;123888
Brasil;76;2023-03-07;10;210147125;37085520;0;699310;0;36275041;111169
Brasil;76;2023-03-08;10;210147125;37085520;0;699310;0;36284485;101725
Brasil;76;2023-03-09;10;210147125;37085520;0;699310;0;36290917;95293
Brasil;76;2023-03-10;10;210147125;37085520;0;699310;0;36291779;94431
Brasil;76;2023-03-11;10;210147125;37145514;59994;699634;324;36332480;113400
Brasil;76;2023-03-12;11;210147125;37145514;0;699634;0;36314975;130905
Brasil;76;2023-03-13;11;210147125;37145514;0;699634;0;36301046;144834
Brasil;76;2023-03-14;11;210147125;37145514;0;699634;0;36310217;135663
Brasil;76;2023-03-15;11;210147125;37145514;0;699634;0;36318743;127137
Brasil;76;2023-03-16;11;210147125;37145514;0;699634;0;36323863;122017
Brasil;76;2023-03-17;11;210147125;37145514;0;699634;0;36329733;116147
Brasil;76;2023-03-18;11;210147125;37204677;59163;699917;283;36378767;125993
Brasil;76;2023-03-19;12;210147125;37204677;0;699917;0;36372074;132686
Brasil;76;2023-03-20;12;210147125;37204677;0;699917;0;36361886;142874
Brasil;76;2023-03-21;12;210147125;37204677;0;699917;0;36369528;135232
Brasil;76;2023-03-22;12;210147125;37204677;0;699917;0;36376845;127915
Brasil;76;2023-03-23;12;210147125;37204677;0;699917;0;36383066;121694
Brasil;76;2023-03-24;12;210147125;37204677;0;699917;0;36386210;118550
Brasil;76;2023-03-25;12;210147125;37258663;53986;700239;322;36421988;136436
Brasil;76;2023-03-26;13;210147125;37258663;0;700239;0;36404096;154328
Brasil;76;2023-03-27;13;210147125;37258663;0;700239;0;36386210;172214
Brasil;76;2023-03-28;13;210147125;37258663;0;700239;0;36386210;172214
Brasil;76;2023-03-29;13;210147125;37258663;0;700239;0;36406100;152324
Brasil;76;2023-03-30;13;210147125;37258663;0;700239;0;36425990;132434
Brasil;76;2023-03-31;13;210147125;37258663;0;700239;0;36445880;112544
Brasil;76;2023-04-01;13;210147125;37319254;60591;700556;317;36486063;132635
Brasil;76;2023-04-02;14;210147125;37319254;0;700556;0;36465971;152727
Brasil;76;2023-04-03;14;210147125;37319254;0;700556;0;36445880;172818
Brasil;76;2023-04-04;14;210147125;37319254;0;700556;0;36445880;172818
Brasil;76;2023-04-05;14;210147125;37319254;0;700556;0;36465507;153191
Brasil;76;2023-04-06;14;210147125;37319254;0;700556;0;36485133;133565
Brasil;76;2023-04-07;14;210147125;37319254;0;700556;0;36504760;113938
Brasil;76;2023-04-08;14;210147125;37358092;38838;700811;255;36530482;126799
Brasil;76;2023-04-09;15;210147125;37358092;0;700811;0;36517621;139660
Brasil;76;2023-04-10;15;210147125;37358092;0;700811;0;36504760;152521
Brasil;76;2023-04-11;15;210147125;37358092;0;700811;0;36504760;152521
Brasil;76;2023-04-12;15;210147125;37358092;0;700811;0;36522646;134635
Brasil;76;2023-04-13;15;210147125;37358092;0;700811;0;36540538;116743
Brasil;76;2023-04-14;15;210147125;37358092;0;700811;0;36558424;98857
Brasil;76;2023-04-15;15;210147125;37407232;49140;701215;404;36590912;115105
Brasil;76;2023-04-16;16;210147125;37407232;0;701215;0;36574672;131345
Brasil;76;2023-04-17;16;210147125;37407232;0;701215;0;36558424;147593
Brasil;76;2023-04-18;16;210147125;37407232;0;701215;0;36558424;147593
Brasil;76;2023-04-19;16;210147125;37407232;0;701215;0;36578515;127502
Brasil;76;2023-04-20;16;210147125;37407232;0;701215;0;36598607;107410
Brasil;76;2023-04-21;16;210147125;37407232;0;701215;0;36618698;87319
Brasil;76;2023-04-22;16;210147125;37449418;42186;701494;279;36646637;101287
Brasil;76;2023-04-23;17;210147125;37449418;0;701494;0;36632666;115258
Brasil;76;2023-04-24;17;210147125;37449418;0;701494;0;36618698;129226
Brasil;76;2023-04-25;17;210147125;37449418;0;701494;0;36618698;129226
Brasil;76;2023-04-26;17;210147125;37449418;0;701494;0;36631559;116365
Brasil;76;2023-04-27;17;210147125;37449418;0;701494;0;36644420;103504
Brasil;76;2023-04-28;17;210147125;37449418;0;701494;0;36657281;90643
Brasil;76;2023-04-29;17;210147125;37487971;38553;701833;339;36682758;103380
Brasil;76;2023-04-30;18;210147125;37487971;0;701833;0;36670018;116120
Brasil;76;2023-05-01;18;210147125;37487971;0;701833;0;36657281;128857
Brasil;76;2023-05-02;18;210147125;37487971;0;701833;0;36657281;128857
Brasil;76;2023-05-03;18;210147125;37487971;0;701833;0;36673529;112609
Brasil;76;2023-05-04;18;210147125;37487971;0;701833;0;36689769;96369
Brasil;76;2023-05-05;18;210147125;37487971;0;701833;0;36706017;80121
Brasil;76;2023-05-06;18;210147125;37511921;23950;702116;283;36721799;88006
Brasil;76;2023-05-07;19;210147125;37511921;0;702116;0;36713902;95903
Brasil;76;2023-05-08;19;210147125;37511921;0;702116;0;36706017;103788
Brasil;76;2023-05-09;19;210147125;37511921;0;702116;0;36706017;103788
Brasil;76;2023-05-10;19;210147125;37511921;0;702116;0;36719985;89820
Brasil;76;2023-05-11;19;210147125;37511921;0;702116;0;36733956;75849
Brasil;76;2023-05-12;19;210147125;37511921;0;702116;0;36747924;61881
Brasil;76;2023-05-13;19;210147125;37553337;41416;702421;305;36775330;75586
Brasil;76;2023-05-14;20;210147125;37553337;0;702421;0;36761629;89287
Brasil;76;2023-05-15;20;210147125;37553337;0;702421;0;36747924;102992
Brasil;76;2023-05-16;20;210147125;37553337;0;702421;0;36747924;102992
Brasil;76;2023-05-17;20;210147125;37553337;0;702421;0;36760661;90255
Brasil;76;2023-05-18;20;210147125;37553337;0;702421;0;36773401;77515
Brasil;76;2023-05-19;20;210147125;37553337;0;702421;0;36786138;64778
Brasil;76;2023-05-20;20;210147125;37579028;25691;702664;243;36803103;73261
Brasil;76;2023-05-21;21;210147125;37579028;0;702664;0;36794621;81743
Brasil;76;2023-05-22;21;210147125;37579028;0;702664;0;36786138;90226
Brasil;76;2023-05-23;21;210147125;37579028;0;702664;0;36786138;90226
Brasil;76;2023-05-24;21;210147125;37579028;0;702664;0;36794023;82341
Brasil;76;2023-05-25;21;210147125;37579028;0;702664;0;36801920;74444
Brasil;76;2023-05-26;21;210147125;37579028;0;702664;0;36809805;66559
Brasil;76;2023-05-27;21;210147125;37601257;22229;702907;243;36824460;73890
Brasil;76;2023-05-28;22;210147125;37601257;0;702907;0;36817136;81214
Brasil;76;2023-05-29;22;210147125;37601257;0;702907;0;36809805;88545
Brasil;76;2023-05-30;22;210147125;37601257;0;702907;0;36809805;88545
Brasil;76;2023-05-31;22;210147125;37601257;0;702907;0;36823510;74840
Brasil;76;2023-06-01;22;210147125;37601257;0;702907;0;36837211;61139
Brasil;76;2023-06-02;22;210147125;37601257;0;702907;0;36850916;47434
Brasil;76;2023-06-03;22;210147125;37625916;24659;703291;384;36867099;55526
Brasil;76;2023-06-04;23;210147125;37625916;0;703291;0;36859008;63617
Brasil;76;2023-06-05;23;210147125;37625916;0;703291;0;36850916;71709
Brasil;76;2023-06-06;23;210147125;37625916;0;703291;0;36850916;71709
Brasil;76;2023-06-07;23;210147125;37625916;0;703291;0;36859399;63226
Brasil;76;2023-06-08;23;210147125;37625916;0;703291;0;36867881;54744
Brasil;76;2023-06-09;23;210147125;37625916;0;703291;0;36876364;46261
Brasil;76;2023-06-10;23;210147125;37639324;13408;703399;108;36885229;50696
Brasil;76;2023-06-11;24;210147125;37639324;0;703399;0;36880799;55126
Brasil;76;2023-06-12;24;210147125;37639324;0;703399;0;36876364;59561
Brasil;76;2023-06-13;24;210147125;37639324;0;703399;0;36876364;59561
Brasil;76;2023-06-14;24;210147125;37639324;0;703399;0;36883695;52230
Brasil;76;2023-06-15;24;210147125;37639324;0;703399;0;36891019;44906
Brasil;76;2023-06-16;24;210147125;37639324;0;703399;0;36898350;37575
Brasil;76;2023-06-17;24;210147125;37656050;16726;703719;320;36909289;43042
Brasil;76;2023-06-18;25;210147125;37656050;0;703719;0;36903817;48514
Brasil;76;2023-06-19;25;210147125;37656050;0;703719;0;36898350;53981
Brasil;76;2023-06-20;25;210147125;37656050;0;703719;0;36898350;53981
Brasil;76;2023-06-21;25;210147125;37656050;0;703719;0;36906442;45889
Brasil;76;2023-06-22;25;210147125;37656050;0;703719;0;36914533;37798
Brasil;76;2023-06-23;25;210147125;37656050;0;703719;0;36922625;29706
